Date,alpha,beta,rho,sigma,Duration
1/2/2014,1.589610749,0.5,-0.589227151,1.709093651,80
1/3/2014,1.523750818,0.5,-0.579886355,1.70912033,79
1/6/2014,1.634865128,0.5,-0.580581426,1.662305836,76
1/7/2014,1.588719803,0.5,-0.623653121,1.611695553,75
1/8/2014,1.518681758,0.5,-0.659996745,1.616244037,74
1/9/2014,1.086239382,0.5,-0.960421105,1.674671833,73
1/10/2014,1.504631198,0.5,-0.727765619,1.59123301,81
1/13/2014,1.524113394,0.5,-0.646580865,1.706181328,78
1/14/2014,1.612326971,0.5,-0.65663732,1.592157548,77
1/15/2014,1.476045139,0.5,-0.854668761,1.620281506,76
1/16/2014,1.593103858,0.5,-0.769429655,1.632212497,75
1/17/2014,1.634586012,0.5,-0.745367144,1.609673674,74
1/21/2014,1.566994103,0.5,-0.669582299,1.595453314,89
1/22/2014,1.029332494,0.5,-0.933308354,1.668398425,88
1/23/2014,1.492337479,0.5,-0.695419531,1.635773814,87
1/24/2014,1.501161261,0.5,-0.7463786,1.894921394,86
1/27/2014,1.557542747,0.5,-0.676661463,1.869760351,83
1/28/2014,1.510766734,0.5,-0.654341896,1.788559319,82
1/29/2014,1.573402583,0.5,-0.635654785,1.894596488,81
1/30/2014,1.461853176,0.5,-0.81279896,1.91471599,80
1/31/2014,0.896335058,0.5,-1,2.085819194,79
2/3/2014,1.554738305,0.5,-0.68601935,2.22489907,76
2/4/2014,1.584575403,0.5,-0.700645391,2.038123439,75
2/5/2014,1.429633361,0.5,-0.806816906,2.177832129,74
2/6/2014,1.732134347,0.5,-0.660159177,1.889494325,73
2/7/2014,1.391937563,0.5,-0.707144325,1.796617848,100
2/10/2014,1.395978982,0.5,-0.749052984,1.791822884,97
2/11/2014,1.490696285,0.5,-0.650849458,1.712610718,96
2/12/2014,1.505254635,0.5,-0.592780764,1.71968147,95
2/13/2014,1.547802804,0.5,-0.564106672,1.679664151,94
2/14/2014,1.491813685,0.5,-0.674552761,1.651240566,93
2/18/2014,2.221810117,0.5,-0.119438685,1.550369889,89
2/19/2014,1.934060946,0.5,-0.427049886,1.651675297,88
2/20/2014,1.655841451,0.5,-0.628614371,1.677640798,87
2/21/2014,2.061986644,0.5,-0.316024798,1.512199023,86
2/24/2014,1.694613135,0.5,-0.562239305,1.619277522,83
2/25/2014,1.676272299,0.5,-0.644959993,1.643651182,82
2/26/2014,1.71852824,0.5,-0.547910269,1.64256378,81
2/27/2014,1.654158596,0.5,-0.613842078,1.644863639,80
2/28/2014,1.775049127,0.5,-0.637240502,1.637425185,79
3/3/2014,1.765133745,0.5,-0.635274789,1.799158047,76
3/4/2014,1.890483259,0.5,-0.564050416,1.604778356,75
3/5/2014,1.892951356,0.5,-0.556928596,1.610966367,74
3/6/2014,1.770310758,0.5,-0.595208663,1.607626022,73
3/7/2014,0.624421304,0.5,-1,1.924478884,107
3/10/2014,1.740602813,0.5,-0.428251073,1.703653644,104
3/11/2014,0.706543701,0.5,-1,1.948096702,103
3/12/2014,1.349510145,0.5,-0.738013855,1.813023299,102
3/13/2014,1.349630652,0.5,-0.755141917,1.951013454,101
3/14/2014,1.24646629,0.5,-0.872448267,2.053664403,100
3/17/2014,1.019853706,0.5,-1,1.947580439,97
3/18/2014,1.20907225,0.5,-1,1.871648473,96
3/19/2014,1.0334012,0.5,-1,1.871777324,95
3/20/2014,0.700375516,0.5,-1,1.911906117,94
3/21/2014,0.8035461,0.5,-1,1.972110156,93
3/24/2014,0.798297672,0.5,-1,1.967478055,90
3/25/2014,0.982162203,0.5,-1,1.871862454,89
3/26/2014,0.913013156,0.5,-0.989769478,1.983861851,88
3/27/2014,0.921231916,0.5,-0.999078201,1.869918078,87
3/28/2014,1.108321724,0.5,-0.909906946,1.858041945,86
3/31/2014,0.974384404,0.5,-0.843080878,1.852753381,83
4/1/2014,1.278975385,0.5,-0.880720719,1.719497664,82
4/2/2014,1.375504323,0.5,-0.816936064,1.705611395,81
4/3/2014,1.455809971,0.5,-0.683641633,1.722008893,80
4/4/2014,0.798198791,0.5,-1,1.881980976,79
4/7/2014,1.257263827,0.5,-0.795088111,1.928896495,76
4/8/2014,1.356732681,0.5,-0.861985082,1.84692193,75
4/9/2014,0.808492701,0.5,-1,1.845869619,74
4/10/2014,0.79301801,0.5,-1,2.016819999,73
4/11/2014,1.20392757,0.5,-1,2.041036673,81
4/14/2014,1.958682429,0.5,-0.35013391,1.847970135,78
4/15/2014,1.300196022,0.5,-1,1.91648017,77
4/16/2014,1.661139791,0.5,-0.796892244,1.747606677,76
4/17/2014,1.40458383,0.5,-0.845410468,1.748173979,75
4/21/2014,1.265334662,0.5,-0.77098094,1.750022291,90
4/22/2014,1.308089543,0.5,-0.754155182,1.721066236,89
4/23/2014,1.252750457,0.5,-0.895061502,1.739326622,88
4/24/2014,1.284456433,0.5,-0.852882465,1.741516095,87
4/25/2014,1.47347561,0.5,-0.68305848,1.77177906,86
4/28/2014,1.374981222,0.5,-0.797712563,1.742304365,83
4/29/2014,1.327648257,0.5,-0.69635845,1.724518731,82
4/30/2014,1.402578212,0.5,-0.800392601,1.689177405,81
5/1/2014,1.558839521,0.5,-0.689297679,1.658700407,80
5/2/2014,1.365255652,0.5,-0.877308699,1.674411985,79
5/5/2014,1.509720037,0.5,-0.799015616,1.648507224,76
5/6/2014,1.463637411,0.5,-0.783749389,1.722880181,75
5/7/2014,1.545250621,0.5,-0.68756254,1.656404579,74
5/8/2014,1.548200604,0.5,-0.697414125,1.670395428,73
5/9/2014,1.124994078,0.5,-1,1.703372268,100
5/12/2014,1.332019387,0.5,-0.721592882,1.631563039,97
5/13/2014,1.318410475,0.5,-0.719964103,1.656126815,96
5/14/2014,1.332047637,0.5,-0.733714174,1.665010446,95
5/15/2014,1.386501088,0.5,-0.70715708,1.706707509,94
5/16/2014,1.243850622,0.5,-0.846754,1.672142369,93
5/19/2014,1.357993412,0.5,-0.748125426,1.629195702,90
5/20/2014,1.375837354,0.5,-0.722627151,1.639107432,89
5/21/2014,1.411813974,0.5,-0.729032814,1.559178936,88
5/22/2014,1.409199021,0.5,-0.768074451,1.595719197,87
5/23/2014,1.427309328,0.5,-0.701003307,1.571113176,86
5/27/2014,0.791980546,0.5,-1,1.66307657,82
5/28/2014,1.510425216,0.5,-0.676808245,1.54011305,81
5/29/2014,1.550271796,0.5,-0.632791197,1.506114114,80
5/30/2014,1.773877815,0.5,-0.358679921,1.481227374,79
6/2/2014,1.523281499,0.5,-0.641886523,1.538135747,76
6/3/2014,1.620353134,0.5,-0.516474695,1.552016381,75
6/4/2014,1.59331506,0.5,-0.616659936,1.537485535,74
6/5/2014,1.761306478,0.5,-0.378712995,1.488749464,73
6/6/2014,0.998488482,0.5,-0.774933546,1.631875367,107
6/9/2014,1.179611365,0.5,-0.681766678,1.616259429,104
6/10/2014,1.218029867,0.5,-0.606637374,1.616396596,103
6/11/2014,1.404062313,0.5,-0.322560479,1.650730106,102
6/12/2014,1.438120567,0.5,-0.474265392,1.672556016,101
6/13/2014,1.363307158,0.5,-0.694520914,1.634419417,100
6/16/2014,1.410458278,0.5,-0.712297413,1.627766723,97
6/17/2014,1.726726885,0.5,-0.257776264,1.576632883,96
6/18/2014,1.483410198,0.5,-0.645683059,1.486744699,95
6/19/2014,1.32737145,0.5,-0.778512206,1.483994399,94
6/20/2014,0.970610825,0.5,-1,1.611920193,93
6/23/2014,1.593205873,0.5,-0.545238301,1.499986197,90
6/24/2014,0.819689811,0.5,-1,1.762416747,89
6/25/2014,1.518540022,0.5,-0.690359158,1.52169835,88
6/26/2014,1.430835777,0.5,-0.808861183,1.545018082,87
6/27/2014,1.443799916,0.5,-0.770616956,1.519330269,86
6/30/2014,1.460419345,0.5,-0.761801835,1.525366851,83
7/1/2014,1.553281122,0.5,-0.637346235,1.490349487,82
7/2/2014,1.736338379,0.5,-0.54726757,1.357828152,81
7/3/2014,0.606368601,0.5,-1,1.609310334,80
7/7/2014,1.510934298,0.5,-0.732508193,1.52202211,76
7/8/2014,1.523125384,0.5,-0.735567838,1.574610763,75
7/9/2014,1.948656659,0.5,-0.459843175,1.36761362,74
7/10/2014,1.544384828,0.5,-0.775287084,1.620609651,73
7/11/2014,2.113745481,0.5,-0.756934906,1.492856755,82
7/14/2014,1.338175399,0.5,-1,1.558100099,79
7/15/2014,1.3360587,0.5,-1,1.576839439,78
7/16/2014,1.423544088,0.5,-1,1.507886582,77
7/17/2014,1.455483245,0.5,-1,1.774431146,76
7/18/2014,1.537646679,0.5,-1,1.572859879,75
7/21/2014,1.306740978,0.5,-0.956707358,1.642839206,90
7/22/2014,1.700539084,0.5,-0.710966417,1.421291878,89
7/23/2014,1.3802615,0.5,-0.670777652,1.619544126,88
7/24/2014,2.308948746,0.5,0,1.478347092,87
7/25/2014,0.749283643,0.5,-1,1.801130408,86
7/28/2014,1.496100103,0.5,-0.775195375,1.639268417,83
7/29/2014,1.643300578,0.5,-0.528893306,1.658336771,82
7/30/2014,1.374368634,0.5,-0.832851529,1.708632982,81
7/31/2014,1.516176559,0.5,-0.644322425,1.877290751,80
8/1/2014,1.337680775,0.5,-0.821648376,2.027007866,79
8/4/2014,1.501521888,0.5,-0.773185932,1.854127347,76
8/5/2014,1.359407261,0.5,-0.824760297,2.041979042,75
8/6/2014,1.573860544,0.5,-0.783069517,1.992453856,74
8/7/2014,1.374511124,0.5,-0.804024371,2.069831619,73
8/8/2014,1.165259485,0.5,-0.839384719,1.998105413,107
8/11/2014,1.139658481,0.5,-0.853730266,1.912036126,104
8/12/2014,1.131063912,0.5,-0.894338765,1.906181626,103
8/13/2014,1.219074484,0.5,-0.797501565,1.767050138,102
8/14/2014,1.21876791,0.5,-0.885781417,1.703511466,101
8/15/2014,0.936758828,0.5,-1,1.757384351,100
8/18/2014,0.758733401,0.5,-1,1.722164707,97
8/19/2014,1.583021426,0.5,-0.68514924,1.540605663,96
8/20/2014,1.489043812,0.5,-0.753458065,1.556540779,95
8/21/2014,1.514424581,0.5,-0.675889875,1.543469782,94
8/22/2014,1.521486896,0.5,-0.683788313,1.544087484,93
8/25/2014,1.568004122,0.5,-0.716793662,1.520689579,90
8/26/2014,1.481972601,0.5,-0.757653994,1.584329931,89
8/27/2014,1.543172555,0.5,-0.644973754,1.542020089,88
8/28/2014,1.659366667,0.5,-0.653053653,1.524297196,87
8/29/2014,1.539527376,0.5,-0.691357738,1.580047473,86
9/2/2014,1.616080262,0.5,-0.693794292,1.590141753,82
9/3/2014,1.662505892,0.5,-0.653684544,1.595730143,81
9/4/2014,1.294294744,0.5,-1,1.663991042,80
9/5/2014,1.751551788,0.5,-0.685338469,1.502382039,79
9/8/2014,1.553864256,0.5,-0.908649245,1.565208584,76
9/9/2014,1.889572472,0.5,-0.758503467,1.612436798,75
9/10/2014,1.827896025,0.5,-0.816018985,1.57950214,74
9/11/2014,1.882081012,0.5,-0.796992509,1.561124405,73
9/12/2014,1.498375597,0.5,-0.716533167,1.785489077,100
9/15/2014,1.563169623,0.5,-0.859687583,1.768991091,97
9/16/2014,1.593060378,0.5,-0.806405691,1.668395923,96
9/17/2014,1.64874052,0.5,-0.727845991,1.607755565,95
9/18/2014,0.000150493,0.5,-0.237329355,1.804859124,94
9/19/2014,1.888591796,0.5,-0.622799931,1.572470396,93
9/22/2014,1.602955648,0.5,-0.728458106,1.725774023,90
9/23/2014,1.617103468,0.5,-0.769260214,1.818700729,89
9/24/2014,1.590198655,0.5,-0.795388546,1.734664189,88
9/25/2014,1.505213203,0.5,-0.818956077,1.952217008,87
9/26/2014,1.505374279,0.5,-0.866808487,1.875016299,86
9/29/2014,1.452959711,0.5,-0.930238417,2.004519254,83
9/30/2014,1.661699762,0.5,-0.827517541,1.989401858,82
10/1/2014,1.467820357,0.5,-0.74207749,2.09947882,81
10/2/2014,1.432252038,0.5,-0.816735765,2.070183867,80
10/3/2014,1.480997833,0.5,-0.810184934,1.905750955,79
10/6/2014,1.834505338,0.5,-0.524851757,1.870189998,76
10/7/2014,1.465935161,0.5,-0.81379303,2.130036553,75
10/8/2014,1.150206726,0.5,-0.728016168,1.784130314,74
10/9/2014,2.003194491,0.5,-0.316414286,2.021186394,73
10/10/2014,1.332847082,0.5,-0.950173234,2.416319327,83
10/13/2014,1.149203836,0.5,-1,2.678420801,80
10/14/2014,1.40986489,0.5,-0.85799733,2.523512792,79
10/15/2014,1.428928546,0.5,-0.853628317,2.648261191,78
10/16/2014,0.988966595,0.5,-1,2.683488901,77
10/17/2014,1.06168062,0.5,-1,2.557638737,76
10/20/2014,1.367031601,0.5,-0.99379564,2.320262479,73
10/21/2014,0.751895288,0.5,-1,2.211024028,89
10/22/2014,1.317653909,0.5,-0.841229935,2.241002829,88
10/23/2014,1.725402513,0.5,-0.392597707,1.88455829,87
10/24/2014,2.522850102,0.5,-0.219531885,1.745919182,86
10/27/2014,1.668963269,0.5,-0.187366497,2.001143597,83
10/28/2014,1.260459978,0.5,-0.870212996,1.95098148,82
10/29/2014,1.492642513,0.5,-0.792705662,1.936861625,81
10/30/2014,1.493700997,0.5,-0.801455261,1.925286704,80
10/31/2014,1.187392394,0.5,-0.827826785,1.892789442,79
11/3/2014,0.981663384,0.5,-1,2.067063517,76
11/4/2014,1.585757665,0.5,-0.739087341,1.930980565,75
11/5/2014,0.781646227,0.5,-1,2.010995664,74
11/6/2014,1.521106095,0.5,-0.720405359,1.843426466,73
11/7/2014,1.539920339,0.5,-0.63033503,1.777293102,106
11/10/2014,1.50677472,0.5,-0.638998858,1.738917074,103
11/11/2014,1.5087621,0.5,-0.66297375,1.743538288,102
11/12/2014,1.60201206,0.5,-0.625293119,1.7483157,101
11/13/2014,1.647943863,0.5,-0.640497676,1.756486512,100
11/14/2014,1.619801189,0.5,-0.637786324,1.741281416,99
11/17/2014,1.682722064,0.5,-0.575965883,1.760060761,96
11/18/2014,1.636272157,0.5,-0.633230903,1.736125216,95
11/19/2014,1.555167044,0.5,-0.673773068,1.790428514,94
11/20/2014,1.723127042,0.5,-0.690341706,1.727929844,93
11/21/2014,1.732593178,0.5,-0.606800014,1.697426933,92
11/24/2014,1.855837836,0.5,-0.603459896,1.650731927,89
11/25/2014,1.801790414,0.5,-0.601707372,1.663696403,88
11/26/2014,1.819471989,0.5,-0.601233913,1.636891223,87
11/28/2014,1.145686509,0.5,-0.735991275,1.87544872,85
12/1/2014,1.895646265,0.5,-0.639650858,1.782766959,82
12/2/2014,1.835664813,0.5,-0.699570312,1.710849705,81
12/3/2014,1.922951513,0.5,-0.605871455,1.649031431,80
12/4/2014,1.76763176,0.5,-0.764359494,1.695613643,79
12/5/2014,1.829543096,0.5,-0.727299408,1.63296751,78
12/8/2014,1.869423396,0.5,-0.616376454,1.704625582,75
12/9/2014,1.871411787,0.5,-0.694202411,1.800365033,74
12/10/2014,1.866828338,0.5,-0.569942496,2.106347408,73
12/11/2014,1.599323633,0.5,-0.751414575,2.346438548,100
12/12/2014,1.480673438,0.5,-0.751311332,2.550397375,99
12/15/2014,1.410448642,0.5,-0.779152541,2.503637672,96
12/16/2014,1.420828279,0.5,-0.801330699,2.680221832,95
12/17/2014,1.599026565,0.5,-0.646250315,2.327801141,94
12/18/2014,0.943242289,0.5,-1,2.320434495,93
12/19/2014,1.505242859,0.5,-0.75428443,2.159632632,92
12/22/2014,1.332137573,0.5,-1,2.129878795,89
12/23/2014,1.203167842,0.5,-1,2.130393681,88
12/24/2014,0.631380843,0.5,-1,2.18451786,87
12/26/2014,0.869403802,0.5,-1,2.155410723,85
12/29/2014,1.402237265,0.5,-0.85113942,2.048520384,82
12/30/2014,1.775867279,0.5,-0.730989002,2.051283235,81
12/31/2014,1.886714892,0.5,-0.640980993,2.216811215,80
1/2/2015,1.704754625,0.5,-0.847531217,2.241033012,78
1/5/2015,1.677478279,0.5,-0.791404232,2.444592701,75
1/6/2015,1.583044991,0.5,-0.840916346,2.561171183,74
1/7/2015,1.622960844,0.5,-0.842290273,2.397351872,73
1/8/2015,1.606977514,0.5,-0.87555639,2.160694051,83
1/9/2015,1.470341307,0.5,-1,2.278477861,82
1/12/2015,1.586596032,0.5,-0.954708846,2.391240731,79
1/13/2015,1.517954582,0.5,-0.93429304,2.466117266,78
1/14/2015,1.526277838,0.5,-0.92031207,2.54354696,77
1/15/2015,1.551101095,0.5,-0.839127308,2.566996754,76
1/16/2015,1.600172157,0.5,-0.883118298,2.471742377,75
1/20/2015,1.483943594,0.5,-0.943889588,2.467252351,88
1/21/2015,1.560487169,0.5,-0.929915956,2.316610263,87
1/22/2015,1.704480717,0.5,-0.874931342,2.069118778,86
1/23/2015,1.689630735,0.5,-0.814540827,2.103276412,85
1/26/2015,2.00158664,0.5,-0.66332925,1.781654433,82
1/27/2015,1.614601272,0.5,-0.821179103,2.209772608,81
1/28/2015,1.486948624,0.5,-0.99724699,2.52099477,80
1/29/2015,1.656801754,0.5,-0.838942706,2.308858327,79
1/30/2015,1.603624732,0.5,-0.848498322,2.563856306,78
2/2/2015,0.974102356,0.5,-0.954636553,2.40403443,75
2/3/2015,0.858185954,0.5,-1,2.339527873,74
2/4/2015,1.740402949,0.5,-0.892436132,2.31836151,73
2/5/2015,1.923801308,0.5,-0.815861906,2.159615673,100
2/6/2015,1.691328457,0.5,-0.823568552,2.301935402,99
2/9/2015,1.620976177,0.5,-0.873514117,2.396875325,96
2/10/2015,1.676050342,0.5,-0.907915695,2.234009299,95
2/11/2015,1.760684157,0.5,-0.80350355,2.1644859,94
2/12/2015,1.713812328,0.5,-0.796916602,2.024456446,93
2/13/2015,1.714061786,0.5,-0.788292573,2.018779992,92
2/17/2015,1.801585631,0.5,-0.794850084,2.017847043,88
2/18/2015,1.817105259,0.5,-0.784592311,2.022089792,87
2/19/2015,1.634921761,0.5,-0.798681793,1.970970399,86
2/20/2015,1.690080162,0.5,-0.825274922,1.907643765,85
2/23/2015,1.273361962,0.5,-0.99313169,2.00549237,82
2/24/2015,1.23370908,0.5,-1,1.915311905,81
2/25/2015,2.643428906,0.5,-0.128084807,1.529278055,80
2/26/2015,1.78084202,0.5,-0.751816922,1.824632805,79
2/27/2015,1.749499735,0.5,-0.883205823,1.887450622,78
3/2/2015,1.886453384,0.5,-0.818409802,1.731260038,75
3/3/2015,1.877536878,0.5,-0.709745393,1.722930625,74
3/4/2015,1.888733038,0.5,-0.836227016,1.813659217,73
3/5/2015,1.534745231,0.5,-0.906188423,1.942098742,107
3/6/2015,1.283651008,0.5,-1,2.154736674,106
3/9/2015,1.499764686,0.5,-0.989013616,2.04667334,103
3/10/2015,1.411215468,0.5,-0.834702939,2.219303427,102
3/11/2015,1.295794607,0.5,-0.982560552,2.315541482,101
3/12/2015,1.342049666,0.5,-1,2.159102796,100
3/13/2015,1.397830405,0.5,-0.954656976,2.189621441,99
3/16/2015,1.720876304,0.5,-0.69629575,2.016774651,96
3/17/2015,1.557075596,0.5,-0.641650801,2.106083783,95
3/18/2015,1.036512651,0.5,-1,2.029136507,94
3/19/2015,1.781010861,0.5,-0.447296572,1.868856551,93
3/20/2015,0.999194487,0.5,-0.664730461,2.108194019,92
3/23/2015,0.887067656,0.5,-1,2.110109071,89
3/24/2015,1.393893091,0.5,-0.883386308,2.04783452,88
3/25/2015,1.374919094,0.5,-0.84771867,2.176039462,87
3/26/2015,1.272160396,0.5,-0.925449041,2.227503832,86
3/27/2015,1.303248008,0.5,-0.896024782,2.183918173,85
3/30/2015,1.416804748,0.5,-0.8712693,2.094077369,82
3/31/2015,1.308694426,0.5,-1,2.22219873,81
4/1/2015,1.350584955,0.5,-0.894797071,2.172744582,80
4/2/2015,1.287476385,0.5,-1,2.160679935,79
4/6/2015,1.361514499,0.5,-0.975403207,2.108581391,75
4/7/2015,1.40390746,0.5,-0.890100363,2.085808216,74
4/8/2015,1.635111941,0.5,-0.843872625,1.983865013,73
4/9/2015,1.478466882,0.5,-1,1.914185936,83
4/10/2015,1.443082405,0.5,-1,1.908450263,82
4/13/2015,1.718222158,0.5,-0.826913014,1.938649414,79
4/14/2015,1.271846814,0.5,-0.995838098,2.044140104,78
4/15/2015,1.549601381,0.5,-0.904576403,1.861823478,77
4/16/2015,1.527494285,0.5,-1,1.871125999,76
4/17/2015,1.50838437,0.5,-0.882213909,1.93603899,75
4/20/2015,1.5120518,0.5,-0.854758836,1.842053662,89
4/21/2015,1.801098215,0.5,-0.795773591,1.819172138,88
4/22/2015,1.535190283,0.5,-0.912076547,1.79985302,87
4/23/2015,0.865401867,0.5,-1,1.910366929,86
4/24/2015,1.503987831,0.5,-0.882663932,1.813802138,85
4/27/2015,0.904368804,0.5,-1,1.976419776,82
4/28/2015,0.712080731,0.5,-1,1.912945485,81
4/29/2015,1.361551544,0.5,-0.642548602,1.905566771,80
4/30/2015,1.416002756,0.5,-0.957457294,2.018406977,79
5/1/2015,1.508137275,0.5,-0.918700059,1.843110574,78
5/4/2015,1.565373528,0.5,-0.88050216,1.851124904,75
5/5/2015,1.4243001,0.5,-0.876217242,1.999788977,74
5/6/2015,1.408348348,0.5,-0.9102682,2.06195428,73
5/7/2015,1.583681405,0.5,-0.862075036,2.038393468,107
5/8/2015,1.44074428,0.5,-0.880508251,1.907054383,106
5/11/2015,1.312361096,0.5,-0.900576278,2.002571678,103
5/12/2015,1.394324869,0.5,-0.783496442,2.005225212,102
5/13/2015,1.618407862,0.5,-0.726876359,1.954723352,101
5/14/2015,1.408009723,0.5,-0.910493372,1.882675925,100
5/15/2015,1.462214805,0.5,-0.92068661,1.830254795,99
5/18/2015,1.518581451,0.5,-0.837123903,1.816445424,96
5/19/2015,1.55405212,0.5,-0.824989592,1.766231038,95
5/20/2015,1.491641638,0.5,-0.805681441,1.841390234,94
5/21/2015,0.989731703,0.5,-1,1.765257616,93
5/22/2015,1.375966332,0.5,-0.993592863,1.802902629,92
5/26/2015,2.156110042,0.5,-0.331789474,1.605958887,88
5/27/2015,1.633815602,0.5,-0.832259824,1.747698626,87
5/28/2015,1.586011206,0.5,-0.864609012,1.79548182,86
5/29/2015,1.623011714,0.5,-0.831881874,1.827884693,85
6/1/2015,1.604253071,0.5,-0.82690367,1.842237942,82
6/2/2015,1.592856852,0.5,-0.912223583,1.902930954,81
6/3/2015,1.914740355,0.5,-0.78535216,1.781556216,80
6/4/2015,1.46217914,0.5,-0.936841424,1.985313701,79
6/5/2015,1.603837311,0.5,-0.808597648,1.919743627,78
6/8/2015,1.467687277,0.5,-0.969464011,2.069019564,75
6/9/2015,1.461342176,0.5,-0.851619037,1.980661072,74
6/10/2015,1.605263124,0.5,-0.814869595,1.813484537,73
6/11/2015,1.387828619,0.5,-0.952094747,1.906542642,100
6/12/2015,0.863314348,0.5,-1,2.025375388,99
6/15/2015,1.312988641,0.5,-0.926433792,2.108641246,96
6/16/2015,1.537618521,0.5,-0.763670645,1.999393057,95
6/17/2015,1.377777862,0.5,-0.883282345,1.970677197,94
6/18/2015,0.766955663,0.5,-1,1.915384228,93
6/19/2015,1.313038143,0.5,-0.920310674,2.041130184,92
6/22/2015,1.458715244,0.5,-0.811197348,1.874160607,89
6/23/2015,1.513702982,0.5,-0.768482759,1.775661646,88
6/24/2015,1.432149544,0.5,-0.345130501,1.846040203,87
6/25/2015,1.369778734,0.5,-0.330944428,1.922744672,86
6/26/2015,1.428631649,0.5,-0.823762307,1.957177379,85
6/29/2015,1.491248977,0.5,-0.795961163,2.314380781,82
6/30/2015,2.136694969,0.5,-0.402008381,1.997947658,81
7/1/2015,1.241745901,0.5,-0.306336954,2.158627192,80
7/2/2015,0.83071955,0.5,-1,2.23244888,79
7/6/2015,2.28879342,0.5,-0.288655816,1.976994506,75
7/7/2015,2.212495121,0.5,-0.316413662,1.887867696,74
7/8/2015,1.424391104,0.5,-0.899832908,2.460330866,73
7/9/2015,1.785997255,0.5,-0.85743149,2.407368638,84
7/10/2015,0.509858906,0.5,-1,2.231789263,83
7/13/2015,1.886548053,0.5,-0.407288064,1.805777618,80
7/14/2015,1.455049664,0.5,-1,1.92885459,79
7/15/2015,1.572608856,0.5,-0.862996261,1.848540247,78
7/16/2015,1.587386887,0.5,-1,1.736292244,77
7/17/2015,0.509427366,0.5,-1,1.846853899,76
7/20/2015,1.63081655,0.5,-1,1.728208841,73
7/21/2015,1.563652704,0.5,-0.819422941,1.803713921,88
7/22/2015,1.093589345,0.5,-1,1.794781182,87
7/23/2015,1.991133437,0.5,-0.231390932,1.669860329,86
7/24/2015,1.458085505,0.5,-0.865009036,1.87163678,85
7/27/2015,1.356674585,0.5,-0.866158946,2.073371657,82
7/28/2015,1.374476054,0.5,-1,1.89100822,81
7/29/2015,1.672928769,0.5,-0.955928613,1.762043436,80
7/30/2015,1.3108682,0.5,-0.998876202,1.814401592,79
7/31/2015,0.802638546,0.5,-1,1.890954163,78
8/3/2015,1.357414537,0.5,-0.963548261,1.800328637,75
8/4/2015,1.308225625,0.5,-0.964935863,1.845030032,74
8/5/2015,1.19301832,0.5,-1,1.844430426,73
8/6/2015,1.092441492,0.5,-1,2.014869812,107
8/7/2015,1.429355539,0.5,-0.708197595,1.90028182,106
8/10/2015,1.162108345,0.5,-1,1.853334145,103
8/11/2015,1.259917652,0.5,-1,2.014449287,102
8/12/2015,0.782845842,0.5,-1,2.013995669,101
8/13/2015,2.80486623,0.5,-0.078962312,1.465549849,100
8/14/2015,1.217278651,0.5,-1,1.954928307,99
8/17/2015,2.219639833,0.5,0,1.677134929,96
8/18/2015,1.628671496,0.5,-0.498895407,1.853841391,95
8/19/2015,2.81088433,0.5,0,1.59403851,94
8/20/2015,2.266271973,0.5,-0.072338106,1.959190035,93
8/21/2015,1.378452997,0.5,-0.910563114,2.797024037,92
8/24/2015,1.33851971,0.5,-0.846930107,3.40489675,89
8/25/2015,1.478634246,0.5,-0.828150381,3.417566056,88
8/26/2015,1.551001091,0.5,-0.825532441,2.943065888,87
8/27/2015,1.226942205,0.5,-0.994487263,2.9081216,86
8/28/2015,1.247363806,0.5,-0.891369746,2.957736854,85
8/31/2015,1.158003545,0.5,-1,3.169149368,82
9/1/2015,1.693494133,0.5,-0.684704989,2.821371792,81
9/2/2015,1.086941911,0.5,-1,3.103724603,80
9/3/2015,1.623580075,0.5,-0.533256233,2.922207523,79
9/4/2015,1.616441752,0.5,-0.784529655,2.767419092,78
9/8/2015,1.696796,0.5,-0.79226545,2.879304939,74
9/9/2015,1.545560289,0.5,-0.846261161,3.069258707,73
9/10/2015,0.588456582,0.5,-1,3.009276996,101
9/11/2015,0.496688089,0.5,-1,2.945721187,100
9/14/2015,0.589018637,0.5,-1,3.027993805,97
9/15/2015,0.75974053,0.5,-1,2.762670577,96
9/16/2015,0.770206857,0.5,-1,2.586285852,95
9/17/2015,0.442083555,0.5,-0.203335071,2.679693221,94
9/18/2015,0.870561214,0.5,-1,2.528822884,93
9/21/2015,0.876369241,0.5,-0.978772126,2.664202355,90
9/22/2015,1.323096189,0.5,-0.786692013,2.708022218,89
9/23/2015,1.307006495,0.5,-0.9197698,2.672902643,88
9/24/2015,0.769298687,0.5,-1,2.886652644,87
9/25/2015,1.299797003,0.5,-0.846407271,2.818986188,86
9/28/2015,1.579967126,0.5,-0.524663059,2.943236368,83
9/29/2015,1.17529661,0.5,-0.961037152,3.084091499,82
9/30/2015,1.368147866,0.5,-0.892410657,2.89510079,81
10/1/2015,1.298515122,0.5,-0.889965402,2.807907344,80
10/2/2015,0.760909687,0.5,-1,2.728526348,79
10/5/2015,0.963060163,0.5,-0.6631457,2.564327278,76
10/6/2015,1.29699981,0.5,-0.676319898,2.503514681,75
10/7/2015,1.005835636,0.5,-1,2.498437204,74
10/8/2015,0.862504033,0.5,-1,2.418308564,73
10/9/2015,1.477700718,0.5,-0.931373498,2.248422763,84
10/12/2015,1.58058038,0.5,-0.856712863,2.17979358,81
10/13/2015,1.402173252,0.5,-1,2.296957428,80
10/14/2015,1.476978679,0.5,-0.934312802,2.352873036,79
10/15/2015,1.648367955,0.5,-0.81848156,2.099338768,78
10/16/2015,1.513693986,0.5,-1,2.142596854,77
10/19/2015,1.557405272,0.5,-1,2.001067146,74
10/20/2015,1.687563288,0.5,-0.876868169,2.011776393,73
10/21/2015,1.518432374,0.5,-0.860568547,2.196611901,87
10/22/2015,0.763173992,0.5,-1,2.018691831,86
10/23/2015,1.064819319,0.5,-0.532743462,2.114334318,85
10/26/2015,0.590276178,0.5,-1,2.230354696,82
10/27/2015,1.626965512,0.5,-0.83530683,2.060187034,81
10/28/2015,1.097854601,0.5,-1,2.088823499,80
10/29/2015,0.704459978,0.5,-0.669367299,2.2997456,79
10/30/2015,1.696538883,0.5,-0.748204032,2.037450503,78
11/2/2015,0.71457484,0.5,-1,2.156382359,75
11/3/2015,1.87839971,0.5,-0.610191712,1.899358409,74
11/4/2015,0.666968548,0.5,-0.979931696,2.348079842,73
11/5/2015,1.651926322,0.5,-0.895561915,2.054023043,107
11/6/2015,1.781390467,0.5,-0.784972997,1.929686089,106
11/9/2015,1.318809649,0.5,-1,2.200986291,103
11/10/2015,1.397693942,0.5,-1,2.174153457,102
11/11/2015,1.556982387,0.5,-0.92287987,2.154231206,101
11/12/2015,1.410009841,0.5,-0.919642842,2.356007112,100
11/13/2015,1.280404842,0.5,-1,2.560167611,99
11/16/2015,1.01002895,0.5,-1,2.327378552,96
11/17/2015,1.447052672,0.5,-0.887517177,2.369348651,95
11/18/2015,1.103440739,0.5,-1,2.190645206,94
11/19/2015,1.740528659,0.5,-0.817915256,2.184260249,93
11/20/2015,1.316185002,0.5,-0.887757348,2.097446643,92
11/23/2015,1.028215462,0.5,-1,2.129321024,89
11/24/2015,0.985847748,0.5,-1,2.097695774,88
11/25/2015,1.044333162,0.5,-1,2.092048156,87
11/27/2015,1.53638966,0.5,-1,2.132238247,85
11/30/2015,1.260575783,0.5,-0.990857946,2.177207451,82
12/1/2015,1.223666855,0.5,-1,2.073867941,81
12/2/2015,1.646830419,0.5,-0.841468034,2.086099195,80
12/3/2015,1.571993074,0.5,-0.862392645,2.305876452,79
12/4/2015,1.491400432,0.5,-0.826153745,2.02059394,78
12/7/2015,1.611992774,0.5,-0.822400305,2.099141795,75
12/8/2015,1.71183249,0.5,-0.844078922,2.197783409,74
12/9/2015,2.112149512,0.5,-0.348804174,2.089236793,73
12/10/2015,1.309055418,0.5,-0.97380574,2.496781733,100
12/11/2015,1.340404846,0.5,-0.954987406,2.813214564,99
12/14/2015,1.330311866,0.5,-0.883500757,2.6265371,96
12/15/2015,0.833164055,0.5,-1,2.600834301,95
12/16/2015,0.682489728,0.5,-1,2.477210819,94
12/17/2015,1.506587993,0.5,-0.851241292,2.385521693,93
12/18/2015,1.261102162,0.5,-0.949845748,2.671148121,92
12/21/2015,1.278925876,0.5,-0.83160844,2.523646486,89
12/22/2015,0.862685479,0.5,-0.923012513,2.498229883,88
12/23/2015,1.577790874,0.5,-0.767729347,1.970288021,87
12/24/2015,1.016279004,0.5,-1,2.12230834,86
12/28/2015,1.357355003,0.5,-0.780179057,2.305939212,82
12/29/2015,1.14950507,0.5,-0.883082654,2.295375678,81
12/30/2015,1.419660606,0.5,-0.941449932,2.336093789,80
12/31/2015,1.295945922,0.5,-0.944200227,2.411093622,79
1/4/2016,1.599535163,0.5,-0.801208877,2.531980534,75
1/5/2016,1.349160904,0.5,-0.927743653,2.521281536,74
1/6/2016,1.751436238,0.5,-0.762806569,2.231650997,73
1/7/2016,1.187625781,0.5,-1,2.956668821,85
1/8/2016,1.358537044,0.5,-0.883489509,2.978202887,84
1/11/2016,1.241928,0.5,-0.958128055,2.889678077,81
1/12/2016,1.327588151,0.5,-0.90354211,2.70638306,80
1/13/2016,1.375524469,0.5,-0.863160947,2.88669456,79
1/14/2016,1.336846126,0.5,-0.918033663,2.827922836,78
1/15/2016,1.453926408,0.5,-0.864069687,2.959483471,77
1/19/2016,1.487482478,0.5,-0.885410014,2.960644021,73
1/20/2016,1.156841596,0.5,-0.945930611,3.105456174,87
1/21/2016,1.067608481,0.5,-0.965154163,3.062746741,86
1/22/2016,1.16032945,0.5,-0.907887762,2.582165719,85
1/25/2016,1.38051455,0.5,-0.86933906,2.90512132,82
1/26/2016,2.18102391,0.5,-0.634912224,2.287092648,81
1/27/2016,1.356906537,0.5,-0.885068242,2.892217196,80
1/28/2016,1.33666351,0.5,-0.916140824,2.793767312,79
1/29/2016,1.291591484,0.5,-0.919934269,2.322121544,78
2/1/2016,1.384031686,0.5,-0.858246672,2.574078493,75
2/2/2016,1.273906719,0.5,-0.934011632,2.797532694,74
2/3/2016,1.439256454,0.5,-0.893326505,2.74861552,73
2/4/2016,1.083079187,0.5,-0.936730835,2.82884301,107
2/5/2016,1.018645513,0.5,-0.971723567,2.953935193,106
2/8/2016,0.952621863,0.5,-0.994795161,3.117746168,103
2/9/2016,0.85395461,0.5,-1,3.153587479,102
2/10/2016,0.979977785,0.5,-1,3.156994198,101
2/11/2016,1.009594141,0.5,-0.983066329,3.302388403,100
2/12/2016,0.860070921,0.5,-1,3.129525422,99
2/16/2016,2.124381787,0.5,-0.775959282,2.437184788,95
2/17/2016,0.900677749,0.5,-1,2.856916399,94
2/18/2016,1.104612648,0.5,-1,2.801839691,93
2/19/2016,1.686641809,0.5,-0.863167595,2.265967114,92
2/22/2016,1.451863922,0.5,-0.891763162,2.492460854,89
2/23/2016,1.284085798,0.5,-1,2.730734058,88
2/24/2016,1.348046276,0.5,-0.889850716,2.66624139,87
2/25/2016,1.298291583,0.5,-1,2.528308747,86
2/26/2016,1.249322049,0.5,-1,2.598015165,85
2/29/2016,1.283673899,0.5,-0.906477176,2.645209805,82
3/1/2016,1.310494467,0.5,-0.983337138,2.406657266,81
3/2/2016,1.405052082,0.5,-0.912455399,2.30260821,80
3/3/2016,1.338076649,0.5,-1,2.267732701,79
3/4/2016,1.433979838,0.5,-0.895548734,2.247470559,78
3/7/2016,2.126472905,0.5,-0.718186576,1.786339282,75
3/8/2016,1.243490192,0.5,-1,2.169933722,74
3/9/2016,1.649047625,0.5,-0.831434734,2.193792404,73
3/10/2016,1.28866607,0.5,-1,2.4829089,100
3/11/2016,1.012191793,0.5,-1,2.394599416,99
3/14/2016,1.395372263,0.5,-0.907578351,2.282347652,96
3/15/2016,1.417037636,0.5,-0.887331522,2.28045285,95
3/16/2016,1.169960606,0.5,-0.998443485,2.071668127,94
3/17/2016,1.466260095,0.5,-0.25014631,1.85454021,93
3/18/2016,1.027749255,0.5,-0.694557969,2.021602932,92
3/21/2016,0.773499852,0.5,-1,2.190179629,89
3/22/2016,1.654288958,0.5,-0.72267475,1.817889179,88
3/23/2016,0.962964241,0.5,-0.973738402,2.29199873,87
3/24/2016,0.891157948,0.5,-1,2.132566996,86
3/28/2016,0.777041364,0.5,-1,2.16025721,82
3/29/2016,0.919359131,0.5,-1,2.004413715,81
3/30/2016,1.740448069,0.5,-0.725250986,1.786137992,80
3/31/2016,1.171175088,0.5,-1,2.014276015,79
4/1/2016,0.991375052,0.5,-1,2.055314711,78
4/4/2016,0.8933228,0.5,-1,2.141049871,75
4/5/2016,1.230788022,0.5,-0.714311129,1.995877733,74
4/6/2016,1.630956533,0.5,-0.83333679,2.000644224,73
4/7/2016,1.319633381,0.5,-1,2.278898327,85
4/8/2016,1.340719376,0.5,-1,2.218493605,84
4/11/2016,1.575541653,0.5,-0.866969351,2.219200318,81
4/12/2016,1.007735839,0.5,-1,2.154300515,80
4/13/2016,1.135428495,0.5,-1,2.040928906,79
4/14/2016,1.724766261,0.5,-0.784904721,1.961964135,78
4/15/2016,2.064543207,0.5,-0.648762593,1.83435736,77
4/18/2016,1.437173511,0.5,-0.746878514,1.920914609,74
4/19/2016,1.827996492,0.5,-0.664946532,1.827077699,73
4/20/2016,1.668690885,0.5,-0.688595653,1.830230789,87
4/21/2016,1.556876258,0.5,-0.758784242,1.957956154,86
4/22/2016,1.706903318,0.5,-0.652278834,1.885453875,85
4/25/2016,1.768042352,0.5,-0.627868735,1.937400415,82
4/26/2016,1.67119327,0.5,-0.764948286,1.950253249,81
4/27/2016,1.708259138,0.5,-0.643709772,1.894516862,80
4/28/2016,1.601336121,0.5,-0.767455941,2.031385903,79
4/29/2016,1.578781513,0.5,-0.888899821,2.120692126,78
5/2/2016,1.649008697,0.5,-0.845553315,2.011445867,75
5/3/2016,1.5763979,0.5,-0.890642352,2.128895157,74
5/4/2016,0.931410038,0.5,-0.949704365,2.319214558,73
5/5/2016,1.466086428,0.5,-0.815174141,2.212522029,107
5/6/2016,1.319453834,0.5,-0.98555987,2.210734155,106
5/9/2016,1.253400441,0.5,-1,2.185406591,103
5/10/2016,1.329409474,0.5,-1,2.086695697,102
5/11/2016,1.604674545,0.5,-0.812246164,2.043909891,101
5/12/2016,1.344152504,0.5,-0.99631296,2.138032364,100
5/13/2016,1.238018956,0.5,-0.961879235,2.220402267,99
5/16/2016,1.324978855,0.5,-0.970230827,2.13980227,96
5/17/2016,1.267221205,0.5,-1,2.224534055,95
5/18/2016,1.304679098,0.5,-1,2.244331261,94
5/19/2016,1.269348692,0.5,-1,2.267159972,93
5/20/2016,1.340597317,0.5,-0.940180018,2.147409859,92
5/23/2016,1.378821839,0.5,-0.912661338,2.1356698,89
5/24/2016,1.461656088,0.5,-0.86447613,1.976759528,88
5/25/2016,1.603971717,0.5,-0.79708511,1.876645241,87
5/26/2016,1.580762103,0.5,-0.7986433,1.858087768,86
5/27/2016,1.616238385,0.5,-0.803702868,1.797684396,85
5/31/2016,1.59893068,0.5,-0.798690941,1.881502356,81
6/1/2016,1.642262991,0.5,-0.808331622,1.845510552,80
6/2/2016,1.662533848,0.5,-0.827949185,1.796420959,79
6/3/2016,1.231284155,0.5,-1,1.896814476,78
6/6/2016,1.746083882,0.5,-0.775737795,1.763462459,75
6/7/2016,1.780070217,0.5,-0.781081891,1.77527459,74
6/8/2016,1.84689421,0.5,-0.706429939,1.782620915,73
6/9/2016,1.473300387,0.5,-0.864681748,2.018704759,100
6/10/2016,2.003044046,0.5,-0.167245973,2.044170372,99
6/13/2016,1.479219843,0.5,-0.928977878,2.537861678,96
6/14/2016,1.52078651,0.5,-0.892437361,2.461318763,95
6/15/2016,1.520194553,0.5,-0.952586697,2.446667306,94
6/16/2016,2.109813786,0.5,-0.094545007,2.141384794,93
6/17/2016,1.456589779,0.5,-0.909727409,2.409529387,92
6/20/2016,1.603515539,0.5,-0.8053458,2.248446107,89
6/21/2016,1.526714119,0.5,-0.888876189,2.272417551,88
6/22/2016,1.592816718,0.5,-0.836397677,2.396778232,87
6/23/2016,1.672757073,0.5,-0.81525561,2.072589958,86
6/24/2016,1.455434413,0.5,-0.690752656,2.351480099,85
6/27/2016,1.669442439,0.5,-0.779088633,2.471812923,82
6/28/2016,1.562968392,0.5,-0.854385199,2.336903368,81
6/29/2016,1.543489897,0.5,-0.867744398,2.199509227,80
6/30/2016,1.650195561,0.5,-0.804559422,2.073628705,79
7/1/2016,1.67082582,0.5,-0.823500255,1.976896751,78
7/5/2016,1.617127382,0.5,-0.870887415,2.112681517,74
7/6/2016,1.027451398,0.5,-1,2.207794866,73
7/7/2016,1.476844319,0.5,-1,2.102837478,86
7/8/2016,1.770243665,0.5,-0.747334139,1.841402285,85
7/11/2016,1.777940188,0.5,-0.689499436,1.853808792,82
7/12/2016,1.852597507,0.5,-0.631147103,1.773444166,81
7/13/2016,1.990682685,0.5,-0.487313844,1.74420132,80
7/14/2016,1.913754422,0.5,-0.556833657,1.750048519,79
7/15/2016,1.777087118,0.5,-0.75631095,1.808368662,78
7/18/2016,1.833720909,0.5,-0.70558127,1.791751148,75
7/19/2016,2.003856203,0.5,-0.328500662,1.814057933,74
7/20/2016,1.757986981,0.5,-0.807105386,1.772346386,73
7/21/2016,1.670881037,0.5,-0.733089078,1.827511018,93
7/22/2016,1.769250809,0.5,-0.683340398,1.75849652,92
7/25/2016,1.692994301,0.5,-0.730164398,1.842535775,89
7/26/2016,1.673131237,0.5,-0.717535267,1.84976406,88
7/27/2016,1.663709341,0.5,-0.714160378,1.793942934,87
7/28/2016,1.719000425,0.5,-0.658042049,1.731517803,86
7/29/2016,1.632025045,0.5,-0.786106045,1.758298474,85
8/1/2016,1.781020111,0.5,-0.633315859,1.723913386,82
8/2/2016,1.22492921,0.5,-1,2.01947951,81
8/3/2016,1.837761054,0.5,-0.661478566,1.757771183,80
8/4/2016,1.20791138,0.5,-1,1.900602817,79
8/5/2016,1.789947079,0.5,-0.59232494,1.617978054,78
8/8/2016,1.093412616,0.5,-0.973047627,1.876534279,75
8/9/2016,1.117543888,0.5,-1,1.847715156,74
8/10/2016,1.886480562,0.5,-0.689242674,1.679289534,73
8/11/2016,1.591062592,0.5,-0.718821606,1.785661372,100
8/12/2016,1.618556399,0.5,-0.729710999,1.774136101,99
8/15/2016,0.971528803,0.5,-0.961063511,2.006550217,96
8/16/2016,1.024117754,0.5,-1,2.011392105,95
8/17/2016,0.899835362,0.5,-1,1.997978543,94
8/18/2016,0.776993658,0.5,-1,1.939013732,93
8/19/2016,1.039777002,0.5,-0.844090369,1.889134861,92
8/22/2016,1.576379358,0.5,-0.806420388,1.788161665,89
8/23/2016,1.361179778,0.5,-0.866494567,1.875033357,88
8/24/2016,1.668941146,0.5,-0.736472038,1.834313807,87
8/25/2016,1.6017439,0.5,-0.824537887,1.868473658,86
8/26/2016,1.658218507,0.5,-0.748375908,1.858317144,85
8/29/2016,1.669960433,0.5,-0.855977699,1.802039779,82
8/30/2016,1.473183447,0.5,-0.864066017,1.834935011,81
8/31/2016,1.372468221,0.5,-0.951794515,1.911814155,80
9/1/2016,1.627793557,0.5,-0.73046927,1.850714169,79
9/2/2016,1.068005587,0.5,-1,1.89535695,78
9/6/2016,1.73152878,0.5,-0.783471931,1.705229366,74
9/7/2016,1.804907099,0.5,-0.772730362,1.669611125,73
9/8/2016,1.462653138,0.5,-0.149318799,1.955206184,100
9/9/2016,1.494904243,0.5,-0.282061232,2.268875623,99
9/12/2016,1.449294598,0.5,-0.843707709,2.088695893,96
9/13/2016,1.026069841,0.5,-1,2.336109598,95
9/14/2016,2.129686262,0.5,-0.072047039,2.091022747,94
9/15/2016,1.389862177,0.5,0,2.120464478,93
9/16/2016,1.220273801,0.5,-0.884088169,2.243021999,92
9/19/2016,1.872175328,0.5,-0.250130188,2.033585207,89
9/20/2016,1.908120314,0.5,-0.294079322,2.060754373,88
9/21/2016,0.746507671,0.5,-1,2.266302135,87
9/22/2016,1.509113871,0.5,-0.777577346,1.845693275,86
9/23/2016,1.004190217,0.5,-1,2.015445587,85
9/26/2016,1.424921463,0.5,-0.889253644,2.15334783,82
9/27/2016,1.497314482,0.5,-0.840328656,2.017787191,81
9/28/2016,1.171944604,0.5,-0.892102556,1.931590382,80
9/29/2016,2.818938765,0.5,-0.355944513,1.56036974,79
9/30/2016,1.054640071,0.5,-0.387162788,2.027086107,78
10/3/2016,2.473212001,0.5,-0.266255546,1.684211973,75
10/4/2016,2.72233058,0.5,-0.198503039,1.452834793,74
10/5/2016,0.991433452,0.5,-0.881090455,2.006811228,73
10/6/2016,1.611851279,0.5,-0.779288755,1.896859752,86
10/7/2016,1.630299064,0.5,-0.89279623,1.965801993,85
10/10/2016,1.56335303,0.5,-1,1.893760418,82
10/11/2016,1.410291992,0.5,-1,2.084365437,81
10/12/2016,1.485084105,0.5,-0.953543714,2.081457031,80
10/13/2016,1.59894623,0.5,-0.84632456,2.123619207,79
10/14/2016,2.434596231,0.5,-0.437697545,1.865538538,78
10/17/2016,1.482457475,0.5,-0.939459812,2.138320228,75
10/18/2016,1.46012198,0.5,-0.974582835,2.100925364,74
10/19/2016,1.663992642,0.5,-0.855338666,1.969689871,73
10/20/2016,0.877973237,0.5,-1,2.038765635,93
10/21/2016,1.427537053,0.5,-0.855804908,1.879665342,92
10/24/2016,0.831463876,0.5,-1,1.985673215,89
10/25/2016,0.957608107,0.5,-1,1.995007009,88
10/26/2016,1.747792473,0.5,-0.758081778,1.868069872,87
10/27/2016,1.510129394,0.5,-0.854907889,1.99089162,86
10/28/2016,0.49948942,0.5,-1,2.205706862,85
10/31/2016,1.074460182,0.5,-1,2.189640576,82
11/1/2016,0.774530155,0.5,-1,2.308072924,81
11/2/2016,0.738117271,0.5,-1,2.182256872,80
11/3/2016,0.818379434,0.5,-1,2.475202866,79
11/4/2016,0.725161724,0.5,-1,2.523427166,78
11/7/2016,0.796609458,0.5,-0.365728583,2.348267699,75
11/8/2016,0.932516384,0.5,-1,2.231065428,74
11/9/2016,1.942011513,0.5,-0.68277246,1.77435929,73
11/10/2016,1.501138352,0.5,-0.863756909,1.949380477,100
11/11/2016,1.518679491,0.5,-0.70069041,1.91976646,99
11/14/2016,1.398165628,0.5,-0.199408241,2.067127802,96
11/15/2016,1.669685501,0.5,-0.630445845,1.812218525,95
11/16/2016,1.618507495,0.5,-0.689531518,1.842434045,94
11/17/2016,1.702446598,0.5,-0.609428367,1.786152045,93
11/18/2016,1.624119131,0.5,-0.726982354,1.815318685,92
11/21/2016,1.828463691,0.5,-0.115725884,1.571585321,89
11/22/2016,1.594920871,0.5,-0.188639907,1.775737223,88
11/23/2016,1.415120984,0.5,-0.656551484,1.742795823,87
11/25/2016,1.292158359,0.5,-0.543792803,1.750185999,85
11/28/2016,1.694465235,0.5,-0.675757665,1.785642169,82
11/29/2016,1.288868965,0.5,-0.771822182,1.846965322,81
11/30/2016,1.809331302,0.5,-0.623754728,1.772637835,80
12/1/2016,1.722398269,0.5,-0.375121853,1.864643008,79
12/2/2016,1.824975086,0.5,-0.618319443,1.836887197,78
12/5/2016,1.42411318,0.5,-0.680023303,1.799464782,75
12/6/2016,1.095618687,0.5,-0.956941949,1.845614351,74
12/7/2016,2.102659504,0.5,-0.30366576,1.602349238,73
12/8/2016,1.794379501,0.5,-0.121831817,1.835379701,100
12/9/2016,1.518443292,0.5,0,1.939794881,99
12/12/2016,2.34595606,0.5,0,1.640223098,96
12/13/2016,1.50742119,0.5,-0.181065858,1.965356593,95
12/14/2016,2.591430292,0.5,0,1.602924291,94
12/15/2016,1.755444594,0.5,0,1.74537224,93
12/16/2016,0.962411912,0.5,-0.879732957,2.041933341,92
12/19/2016,1.554962717,0.5,-0.296656625,1.919061683,89
12/20/2016,2.002295215,0.5,-0.24521479,1.694976793,88
12/21/2016,1.565398976,0.5,-0.609356993,1.823939351,87
12/22/2016,0.666165482,0.5,-1,2.055454953,86
12/23/2016,0.621401605,0.5,-1,2.073556129,85
12/27/2016,1.707458341,0.5,-0.596276868,1.825605108,81
12/28/2016,2.790520288,0.5,-0.101273099,1.55720586,80
12/29/2016,2.677674592,0.5,-0.34775709,1.57286609,79
12/30/2016,2.42499102,0.5,-0.204101953,1.711692904,78
1/3/2017,1.022443789,0.5,-0.63829334,2.120094557,74
1/4/2017,1.766092038,0.5,-0.132388651,1.805336772,73
1/5/2017,1.653586829,0.5,-0.792155827,1.746930155,86
1/6/2017,1.583320788,0.5,-0.730686308,1.761069808,85
1/9/2017,1.332546599,0.5,-0.80490094,1.875029258,82
1/10/2017,1.810521646,0.5,-0.675352944,1.711792536,81
1/11/2017,1.641843255,0.5,-0.684283049,1.745947853,80
1/12/2017,1.883246019,0.5,-0.417822657,1.68162535,79
1/13/2017,1.59402928,0.5,-1,1.757223579,78
1/17/2017,1.904660571,0.5,-0.657667459,1.707776589,74
1/18/2017,1.848692071,0.5,-0.998750857,1.717149024,73
1/19/2017,1.113424751,0.5,-0.577367051,1.899056747,93
1/20/2017,0.598619493,0.5,-1,1.83295524,92
1/23/2017,0.788405848,0.5,-1,1.867070798,89
1/24/2017,1.218529045,0.5,-1,1.781637359,88
1/25/2017,1.364693879,0.5,-0.866985611,1.711615005,87
1/26/2017,1.30920341,0.5,-0.735930985,1.701831146,86
1/27/2017,0.752186732,0.5,-1,1.772724224,85
1/30/2017,1.331086016,0.5,-1,1.834027999,82
1/31/2017,0.741469487,0.5,-1,1.884679717,81
2/1/2017,0.713254945,0.5,-0.889316414,1.9968691,80
2/2/2017,1.649614629,0.5,-0.715824882,1.655245129,79
2/3/2017,0.641571327,0.5,-0.896489071,1.865962133,78
2/6/2017,1.074296484,0.5,-1,1.741042651,75
2/7/2017,1.230401403,0.5,-1,1.749047838,74
2/8/2017,1.54638112,0.5,-0.8058258,1.686338983,73
2/9/2017,0.906596941,0.5,-1,1.893396584,100
2/10/2017,1.810900554,0.5,-0.453716658,1.678888881,99
2/13/2017,1.196287994,0.5,-0.977287647,1.771215869,96
2/14/2017,1.094161153,0.5,-1,1.665656578,95
2/15/2017,0.934016683,0.5,-1,1.780449758,94
2/16/2017,0.716740912,0.5,-1,1.72708235,93
2/17/2017,1.038512877,0.5,-1,1.759457442,92
2/21/2017,1.057426031,0.5,-0.921232157,1.83097948,88
2/22/2017,1.652524739,0.5,-0.67265484,1.710741282,87
2/23/2017,1.534168846,0.5,-0.75307959,1.805437528,86
2/24/2017,0.796321694,0.5,-1,1.989798929,85
2/27/2017,1.603496683,0.5,-0.636671493,1.759001953,82
2/28/2017,0.899660238,0.5,-1,2.049449446,81
3/1/2017,0.733481485,0.5,-0.820101861,2.07127264,80
3/2/2017,1.636392853,0.5,-0.607444609,1.768465729,79
3/3/2017,1.162953114,0.5,-0.861754999,1.812087041,78
3/6/2017,0.901797161,0.5,-1,1.841638782,75
3/7/2017,1.30515244,0.5,-0.79749789,1.740537171,74
3/8/2017,1.783231972,0.5,-0.681231911,1.679495687,73
3/9/2017,0.84182009,0.5,-0.983020939,2.114044586,100
3/10/2017,0.918601343,0.5,-0.867079407,1.932072823,99
3/13/2017,0.66687937,0.5,-1,1.982852895,96
3/14/2017,1.147726666,0.5,-0.87739887,1.937800157,95
3/15/2017,0.725446653,0.5,-1,1.97637946,94
3/16/2017,0.416853398,0.5,-0.460928507,2.113668654,93
3/17/2017,1.594075116,0.5,-0.664488914,1.743264745,92
3/20/2017,1.837291985,0.5,-0.372524827,1.68342081,89
3/21/2017,1.004928214,0.5,-1,2.02949696,88
3/22/2017,1.546300713,0.5,-0.747812025,1.845795113,87
3/23/2017,1.552435783,0.5,-0.766365052,1.879998632,86
3/24/2017,1.625665148,0.5,-0.743905981,1.840654962,85
3/27/2017,1.63884249,0.5,-0.710864376,1.776457388,82
3/28/2017,1.126696729,0.5,-0.958414186,1.87347977,81
3/29/2017,1.201114145,0.5,-0.890763379,1.831211575,80
3/30/2017,1.792255761,0.5,-0.631353942,1.606203846,79
3/31/2017,1.807422264,0.5,-0.532711653,1.581156052,78
4/3/2017,1.864054593,0.5,-0.583954783,1.646608186,75
4/4/2017,1.068315646,0.5,-0.956389135,1.797426645,74
4/5/2017,1.885429273,0.5,-0.56930138,1.685815638,73
4/6/2017,1.691676214,0.5,-0.631672934,1.694986666,86
4/7/2017,1.708224818,0.5,-0.757669123,1.715933156,85
4/10/2017,1.152148896,0.5,-1,1.938450707,82
4/11/2017,1.635706312,0.5,-0.797635918,1.863662088,81
4/12/2017,1.754194693,0.5,-0.804831395,1.860497576,80
4/13/2017,1.749885444,0.5,-0.783059783,1.930252455,79
4/17/2017,1.860237848,0.5,-0.743785679,1.789582024,75
4/18/2017,1.974544973,0.5,-0.691087976,1.736883429,74
4/19/2017,1.813138807,0.5,-0.740908462,1.861998147,73
4/20/2017,1.717715706,0.5,-0.719726622,1.723719163,93
4/21/2017,1.806497154,0.5,-0.71878198,1.716692414,92
4/24/2017,1.731898558,0.5,-0.487734028,1.509267775,89
4/25/2017,1.925948072,0.5,-0.479050332,1.453782345,88
4/26/2017,1.877007846,0.5,-0.488588329,1.484972256,87
4/27/2017,1.850354336,0.5,-0.662872428,1.452892524,86
4/28/2017,1.80182889,0.5,-0.684891959,1.486260904,85
5/1/2017,1.828831611,0.5,-0.645332641,1.490953608,82
5/2/2017,1.894570368,0.5,-0.556098427,1.503347731,81
5/3/2017,1.933819154,0.5,-0.634757777,1.505352769,80
5/4/2017,1.540802499,0.5,-0.678775377,1.499898602,79
5/5/2017,1.153838067,0.5,-0.852020508,1.576356507,78
5/8/2017,2.023431386,0.5,-0.614362908,1.39661937,75
5/9/2017,2.027813291,0.5,-0.582586342,1.416034684,74
5/10/2017,2.017831536,0.5,-0.646375199,1.4314779,73
5/11/2017,1.566831588,0.5,-0.73779572,1.61876187,100
5/12/2017,1.604003555,0.5,-0.736542656,1.601018709,99
5/15/2017,1.468684395,0.5,-0.886999402,1.610136122,96
5/16/2017,1.407025531,0.5,-0.764853027,1.604244796,95
5/17/2017,1.464594421,0.5,-0.967930844,1.907634321,94
5/18/2017,1.150723869,0.5,-0.388716408,1.873443296,93
5/19/2017,1.624020352,0.5,-0.776758878,1.637983688,92
5/22/2017,1.039729813,0.5,-0.824197586,1.704536649,89
5/23/2017,1.04870877,0.5,-1,1.649684039,88
5/24/2017,1.763087562,0.5,-0.654315733,1.4652626,87
5/25/2017,1.474727671,0.5,-0.627021876,1.524812342,86
5/26/2017,1.039500436,0.5,-1,1.59375337,85
5/30/2017,1.914721758,0.5,-0.544537389,1.43822472,81
5/31/2017,1.800144041,0.5,-0.78475639,1.455687807,80
6/1/2017,1.491240112,0.5,-0.717152332,1.442028287,79
6/2/2017,1.885139412,0.5,-0.349157773,1.295867964,78
6/5/2017,1.779413102,0.5,-0.668827318,1.464343253,75
6/6/2017,2.090343506,0.5,-0.608340647,1.419906096,74
6/7/2017,1.489327736,0.5,-0.763900986,1.539475355,73
6/8/2017,1.138499333,0.5,-0.066652263,1.823119303,100
6/9/2017,1.641025779,0.5,-0.688609034,1.577507535,99
6/12/2017,2.344919481,0.5,-0.033183214,1.502155437,96
6/13/2017,1.719167352,0.5,0,1.604409111,95
6/14/2017,0.812940833,0.5,-1,1.61402346,94
6/15/2017,0.452251884,0.5,-0.958655039,1.712018957,93
6/16/2017,0.901441853,0.5,-0.828470536,1.692870056,92
6/19/2017,1.147674596,0.5,-0.817091549,1.642925132,89
6/20/2017,1.808810784,0.5,-0.671213711,1.578909797,88
6/21/2017,2.826866657,0.5,-0.481785651,1.262364871,87
6/22/2017,2.391360007,0.5,-0.490796998,1.357994485,86
6/23/2017,1.43897191,0.5,-0.600135963,1.619487506,85
6/26/2017,1.871198488,0.5,-0.708031676,1.461882822,82
6/27/2017,0.672826857,0.5,-1,1.896776603,81
6/28/2017,0.289309762,0.5,-1,1.854354236,80
6/29/2017,2.033780111,0.5,-0.495170297,1.525541199,79
6/30/2017,1.886181156,0.5,0,1.566155404,78
7/3/2017,0.212264221,0.5,-1,1.929363376,75
7/5/2017,0.283640447,0.5,-1,2.052634017,73
7/6/2017,1.732499594,0.5,-0.858277092,1.733946346,86
7/7/2017,1.832901029,0.5,-0.836698812,1.603802226,85
7/10/2017,1.894679299,0.5,-0.70051516,1.532317519,82
7/11/2017,1.951111902,0.5,-0.714726785,1.563491555,81
7/12/2017,1.990285611,0.5,-0.732907372,1.463000488,80
7/13/2017,0.492937173,0.5,-1,1.633448515,79
7/14/2017,2.014811875,0.5,-0.786706505,1.412732491,78
7/17/2017,2.066154789,0.5,-0.802006757,1.415229373,75
7/18/2017,2.438176302,0.5,-0.682677804,1.259524647,74
7/19/2017,2.113621512,0.5,-0.759374269,1.378009998,73
7/20/2017,1.854996889,0.5,-0.640405198,1.408348921,93
7/21/2017,1.057535168,0.5,-1,1.562132056,92
7/24/2017,1.497447057,0.5,-0.777600754,1.460610345,89
7/25/2017,1.913085416,0.5,-0.711324829,1.366395752,88
7/26/2017,2.160002223,0.5,-0.509834747,1.305612773,87
7/27/2017,2.077802524,0.5,-0.632899769,1.352489034,86
7/28/2017,1.898811689,0.5,-0.779172081,1.447337811,85
7/31/2017,0.884270068,0.5,-1,1.607287598,82
8/1/2017,1.795061462,0.5,-0.798147384,1.402688491,81
8/2/2017,0.791170897,0.5,-1,1.59759793,80
8/3/2017,1.928149404,0.5,-0.823842989,1.460220183,79
8/4/2017,1.536179669,0.5,-1,1.518336927,78
8/7/2017,1.457311437,0.5,-1,1.523942952,75
8/8/2017,1.406424671,0.5,-1,1.586210343,74
8/9/2017,1.746680938,0.5,-0.856267145,1.582395375,73
8/10/2017,1.691463461,0.5,-0.805159702,1.889468459,100
8/11/2017,0.889166738,0.5,-1,2.11166577,99
8/14/2017,1.122991179,0.5,-0.985425388,1.805520539,96
8/15/2017,0.972461682,0.5,-0.996117318,1.728961809,95
8/16/2017,1.880835087,0.5,-0.814779904,1.561547081,94
8/17/2017,1.615839512,0.5,-0.891113815,1.913959384,93
8/18/2017,1.618711044,0.5,-0.916180928,1.933639956,92
8/21/2017,1.186432491,0.5,-1,1.904273156,89
8/22/2017,1.385483986,0.5,-0.821108263,1.620853145,88
8/23/2017,1.40609954,0.5,-0.864346263,1.774722577,87
8/24/2017,1.764359188,0.5,-0.833258171,1.763068711,86
8/25/2017,1.483009515,0.5,-0.740894989,1.713319768,85
8/28/2017,1.539612263,0.5,-0.843358112,1.710301459,82
8/29/2017,1.765502785,0.5,-0.932779263,1.672027109,81
8/30/2017,1.75647117,0.5,-0.833415074,1.649109484,80
8/31/2017,1.711468406,0.5,-0.756152761,1.618716448,79
9/1/2017,1.941143129,0.5,-0.59592943,1.489031639,78
9/5/2017,1.622450189,0.5,-0.885825898,1.760309149,74
9/6/2017,2.001341474,0.5,-0.831403551,1.638798812,73
9/7/2017,0.616530543,0.5,-1,1.976206994,100
9/8/2017,1.498488782,0.5,-0.938423295,1.896587236,99
9/11/2017,1.124822087,0.5,-0.977812086,1.868130439,96
9/12/2017,0.584747315,0.5,-1,1.859552332,95
9/13/2017,0.736106115,0.5,-1,1.84354754,94
9/14/2017,0.007274058,0.5,-0.496234465,2.026005086,93
9/15/2017,1.191216246,0.5,-0.747035551,1.684847687,92
9/18/2017,0.762819247,0.5,-1,1.812816602,89
9/19/2017,0.839519779,0.5,-0.973028058,1.72927971,88
9/20/2017,1.977252901,0.5,-0.624371613,1.470459593,87
9/21/2017,1.657981078,0.5,-0.696617612,1.552536628,86
9/22/2017,1.19828352,0.5,-0.750102924,1.6520652,85
9/25/2017,1.6687158,0.5,-0.752303557,1.61678972,82
9/26/2017,1.713902704,0.5,-0.674252065,1.584918504,81
9/27/2017,0.774344245,0.5,-0.989556998,1.773767793,80
9/28/2017,0.937228503,0.5,-0.801800638,1.739685556,79
9/29/2017,1.369397789,0.5,-0.647802005,1.645446927,78
10/2/2017,1.50625671,0.5,-0.626389147,1.546058092,75
10/3/2017,0.089699987,0.5,-1,1.979339543,74
10/4/2017,1.405899152,0.5,-0.610595742,1.643109961,73
10/5/2017,1.928953189,0.5,-0.709917596,1.44937411,86
10/6/2017,1.960190567,0.5,-0.817993892,1.415342475,85
10/9/2017,1.996433964,0.5,-0.808780017,1.467629811,82
10/10/2017,2.301088919,0.5,-0.691021633,1.321331068,81
10/11/2017,2.038766373,0.5,-0.763741228,1.384053552,80
10/12/2017,1.942849769,0.5,-0.812998599,1.432540183,79
10/13/2017,2.335283941,0.5,-0.390363461,1.273400857,78
10/16/2017,2.146141489,0.5,-0.738364992,1.326202815,75
10/17/2017,2.190175576,0.5,-0.706607681,1.312391651,74
10/18/2017,2.211715886,0.5,-0.710220608,1.281966413,73
10/19/2017,0.926039229,0.5,-0.872388062,1.647008691,93
10/20/2017,0.790840399,0.5,-1,1.633504978,92
10/23/2017,1.986041095,0.5,-0.705063513,1.393383765,89
10/24/2017,2.053008978,0.5,-0.761184051,1.382440275,88
10/25/2017,1.988810477,0.5,-0.762607454,1.452330853,87
10/26/2017,1.920024793,0.5,-0.788001324,1.483638833,86
10/27/2017,1.921160816,0.5,-0.754645002,1.348524125,85
10/30/2017,1.084864203,0.5,-1,1.641649227,82
10/31/2017,1.971433701,0.5,-0.666989674,1.38759139,81
11/1/2017,1.930717116,0.5,-0.599355448,1.399706261,80
11/2/2017,1.968574516,0.5,-0.702988768,1.439583797,79
11/3/2017,2.124175151,0.5,-0.364769989,1.313535236,78
11/6/2017,2.032233912,0.5,-0.625484328,1.355812985,75
11/7/2017,2.203887264,0.5,-0.354131838,1.376002484,74
11/8/2017,0.317959917,0.5,-1,2.002373001,73
11/9/2017,1.743369414,0.5,-0.722065588,1.611928879,100
11/10/2017,0.821946592,0.5,-1,1.809396322,99
11/13/2017,1.686407386,0.5,-0.767007794,1.698406633,96
11/14/2017,1.891847697,0.5,-0.560658548,1.629286723,95
11/15/2017,1.672809876,0.5,-0.795499345,1.812992722,94
11/16/2017,1.875898215,0.5,-0.671046129,1.640371693,93
11/17/2017,1.729231002,0.5,-0.783255233,1.66031575,92
11/20/2017,1.655348967,0.5,-0.893748177,1.639514564,89
11/21/2017,1.665203298,0.5,-0.72032613,1.518739919,88
11/22/2017,1.691926047,0.5,-0.79145655,1.513251478,87
11/24/2017,1.812200431,0.5,-0.765027078,1.458238612,85
11/27/2017,1.921044634,0.5,-0.665912356,1.47906275,82
11/28/2017,1.926045332,0.5,-0.605151275,1.390373804,81
11/29/2017,1.959500669,0.5,-0.724267248,1.50650385,80
11/30/2017,2.098360591,0.5,-0.582453041,1.456347962,79
12/1/2017,1.25619162,0.5,-0.975091156,1.711274772,78
12/4/2017,2.1092018,0.5,-0.585896522,1.4847105,75
12/5/2017,0.956123827,0.5,-1,1.770128874,74
12/6/2017,2.136767123,0.5,-0.683288781,1.510172819,73
12/7/2017,1.545980623,0.5,-0.830140778,1.684741927,100
12/8/2017,0.623326356,0.5,-1,1.849159016,99
12/11/2017,1.826780382,0.5,-0.69849332,1.487309397,96
12/12/2017,1.270876261,0.5,-0.650204498,1.487762761,95
12/13/2017,1.211154649,0.5,-0.716881383,1.659860059,94
12/14/2017,1.052356274,0.5,-0.765616024,1.681425347,93
12/15/2017,1.286391696,0.5,-0.714842553,1.646852692,92
12/18/2017,1.082886434,0.5,-1,1.68670416,89
12/19/2017,1.157548071,0.5,-1,1.733323784,88
12/20/2017,1.937639551,0.5,-0.625681864,1.489849397,87
12/21/2017,0.821822063,0.5,-1,1.726763614,86
12/22/2017,1.92731299,0.5,-0.619799502,1.505553525,85
12/26/2017,1.867013438,0.5,-0.685842929,1.552940571,81
12/27/2017,1.13774571,0.5,-1,1.708864479,80
12/28/2017,1.955745095,0.5,-0.810376639,1.542147773,79
12/29/2017,1.271907568,0.5,-0.962594504,1.728726775,78
1/2/2018,1.379700431,0.5,-1,1.641749266,74
1/3/2018,1.275536261,0.5,-0.983682118,1.666697303,73
1/4/2018,1.929084709,0.5,-0.685547099,1.513802205,85
1/5/2018,1.041455595,0.5,-1,1.716480315,84
1/8/2018,1.929171474,0.5,-0.661914924,1.508000795,81
1/9/2018,2.080937235,0.5,-0.614479524,1.506976268,80
1/10/2018,2.027784023,0.5,-0.62590761,1.503148246,79
1/11/2018,2.14437497,0.5,-0.596951915,1.443928916,78
1/12/2018,2.135122553,0.5,-0.565469964,1.476770664,77
1/16/2018,1.994042703,0.5,-0.635487812,1.670026281,73
1/17/2018,1.833210187,0.5,-0.572671412,1.63522473,94
1/18/2018,2.078934854,0.5,-0.568049593,1.619740514,93
1/19/2018,1.812339125,0.5,-0.603485366,1.635234772,92
1/22/2018,1.805305099,0.5,-0.633083505,1.654726493,89
1/23/2018,1.840696576,0.5,-0.584939023,1.673944718,88
1/24/2018,2.033319088,0.5,-0.518042961,1.665099948,87
1/25/2018,1.831367673,0.5,-0.561281074,1.734539915,86
1/26/2018,1.834190983,0.5,-0.534030375,1.725993985,85
1/29/2018,1.793188001,0.5,-0.585238828,1.9457373,82
1/30/2018,1.822824709,0.5,-0.665285504,2.031998672,81
1/31/2018,1.826501487,0.5,-0.6221444,1.953465747,80
2/1/2018,1.776807999,0.5,-0.644880345,1.940823897,79
2/2/2018,1.733385895,0.5,-0.735228747,2.264544384,78
2/5/2018,1.920306737,0.5,-0.878244199,3.833609137,75
2/6/2018,2.344401184,0.5,-0.5593347,2.692186543,74
2/7/2018,2.342473295,0.5,-0.622365762,2.574129175,73
2/8/2018,1.647261248,0.5,-0.757052619,3.451150758,100
2/9/2018,1.460979152,0.5,-0.792885097,3.221338093,99
2/12/2018,1.792011364,0.5,-0.736701577,2.781665559,96
2/13/2018,1.799185464,0.5,-0.722632455,2.735767098,95
2/14/2018,1.545222467,0.5,-0.778152591,2.498601194,94
2/15/2018,2.665683008,0.5,-0.160088936,1.964376182,93
2/16/2018,1.774957137,0.5,-0.663216102,2.364650885,92
2/20/2018,1.855658774,0.5,-0.728247524,2.457374024,88
2/21/2018,1.743056567,0.5,-0.747721396,2.533588745,87
2/22/2018,1.364260717,0.5,-0.58910879,2.287587793,86
2/23/2018,1.952145223,0.5,-0.628062097,2.105852432,85
2/26/2018,1.482198269,0.5,-0.8086923,2.1985808,82
2/27/2018,1.984305063,0.5,-0.6541064,2.293831426,81
2/28/2018,1.117642599,0.5,-1,2.659849778,80
3/1/2018,1.322310716,0.5,-0.889064623,2.857619951,79
3/2/2018,1.802977366,0.5,-0.762876464,2.52473484,78
3/5/2018,1.962333361,0.5,-0.676969392,2.329946591,75
3/6/2018,2.011452322,0.5,-0.662182087,2.332810268,74
3/7/2018,1.92234478,0.5,-0.724347097,2.355992604,73
3/8/2018,1.13654304,0.5,-0.950107761,2.511230957,100
3/9/2018,1.075052474,0.5,-0.900546469,2.351140753,99
3/12/2018,1.554916965,0.5,-0.719702416,2.187493804,96
3/13/2018,0.687093604,0.5,-1,2.65408079,95
3/14/2018,1.695359734,0.5,-0.801189304,2.426300499,94
3/15/2018,0.108414207,0.5,-0.459363523,2.170909697,93
3/16/2018,4.880284436,0.5,-0.425914093,0.243542183,92
3/19/2018,0.825952388,0.5,-1,2.787752701,89
3/20/2018,0.967399263,0.5,-1,2.638431996,88
3/21/2018,1.07943179,0.5,-1,2.681031088,87
3/22/2018,0.909306198,0.5,-0.993309871,3.017894569,86
3/23/2018,0.918103999,0.5,-1,3.239724396,85
3/26/2018,1.694183778,0.5,-0.715342102,2.761204909,82
3/27/2018,0.943153384,0.5,-1,3.107378802,81
3/28/2018,0.77445948,0.5,-1,3.21781159,80
3/29/2018,1.33529021,0.5,-0.778970377,2.851315763,79
4/2/2018,1.519508909,0.5,-0.729229748,3.133519533,75
4/3/2018,1.526494731,0.5,-0.736453156,2.942225815,74
4/4/2018,1.615947674,0.5,-0.743854649,2.82099523,73
4/5/2018,1.46714169,0.5,-0.810979932,2.683959955,86
4/6/2018,1.480123021,0.5,-0.777152963,2.926912501,85
4/9/2018,1.569149627,0.5,-0.698960976,2.939811398,82
4/10/2018,1.476025963,0.5,-0.785823526,2.818678917,81
4/11/2018,1.615424805,0.5,-0.714153562,2.768188589,80
4/12/2018,1.869634766,0.5,-0.445245256,2.5051415,79
4/13/2018,1.543587153,0.5,-0.74717429,2.519707845,78
4/16/2018,1.747824705,0.5,-0.677857886,2.333826304,75
4/17/2018,1.88441111,0.5,-0.614266083,2.136456046,74
4/18/2018,1.933266988,0.5,-0.708434592,2.103970114,73
4/19/2018,1.652130047,0.5,-0.718356796,2.211547355,93
4/20/2018,1.691050007,0.5,-0.709473217,2.281460163,92
4/23/2018,1.085332924,0.5,-0.987887742,2.43665716,89
4/24/2018,1.233172987,0.5,-0.810318533,2.486193406,88
4/25/2018,1.536315257,0.5,-0.702999825,2.321951806,87
4/26/2018,1.615997239,0.5,-0.744203401,2.298272732,86
4/27/2018,1.548492529,0.5,-0.773125364,2.26413269,85
4/30/2018,0.400225686,0.5,-1,2.552051603,82
5/1/2018,0.244988769,0.5,-1,2.476404035,81
5/2/2018,1.363859351,0.5,-0.869869054,2.415527525,80
5/3/2018,1.009482341,0.5,-0.991998002,2.555183778,79
5/4/2018,0.910996802,0.5,-0.874272346,2.341165437,78
5/7/2018,0.297762895,0.5,-1,2.43213748,75
5/8/2018,0.162437613,0.5,-1,2.440722616,74
5/9/2018,1.020062359,0.5,-1,2.178791895,73
5/10/2018,1.978194116,0.5,-0.438655316,1.876341319,100
5/11/2018,1.606216027,0.5,-0.692456062,1.95574578,99
5/14/2018,1.683707309,0.5,-0.538061212,1.807065757,96
5/15/2018,1.756491712,0.5,-0.673343919,1.905662832,95
5/16/2018,1.804562876,0.5,-0.72347428,1.885253185,94
5/17/2018,1.748903342,0.5,-0.67857732,1.899069108,93
5/18/2018,1.76634213,0.5,-0.709812957,1.899605482,92
5/21/2018,1.938738444,0.5,-0.698872017,1.717990776,89
5/22/2018,1.680611024,0.5,-0.684860898,1.770612804,88
5/23/2018,1.66812915,0.5,-0.618075241,1.689862806,87
5/24/2018,0.125364927,0.5,-1,2.133312958,86
5/25/2018,1.81757877,0.5,-0.800331254,1.854386229,85
5/29/2018,1.949876451,0.5,-0.666867781,2.001315255,81
5/30/2018,1.953679717,0.5,-0.688539714,1.904474279,80
5/31/2018,1.987566361,0.5,-0.780811199,1.983168778,79
6/1/2018,2.074907995,0.5,-0.741106441,1.794517338,78
6/4/2018,2.198143195,0.5,-0.607527179,1.714114886,75
6/5/2018,2.101939193,0.5,-0.737127017,1.75450494,74
6/6/2018,2.164206585,0.5,-0.747624793,1.621117504,73
6/7/2018,1.833446759,0.5,-0.694219856,1.795309199,107
6/8/2018,1.616306549,0.5,-0.802629917,1.873989492,106
6/11/2018,1.628973191,0.5,-0.725446916,1.869108381,103
6/12/2018,1.694934969,0.5,-0.647784796,1.822325539,102
6/13/2018,1.739363432,0.5,-0.565080967,1.855697119,101
6/14/2018,1.734288914,0.5,-0.629667137,1.813057013,100
6/15/2018,3.407811321,0.5,-0.261326703,1.084668017,99
6/18/2018,0.007003334,0.5,-0.356922166,2.25784217,96
6/19/2018,1.875104472,0.5,-0.619622004,1.913294151,95
6/20/2018,1.824013828,0.5,-0.641518377,1.875071855,94
6/21/2018,0.445102095,0.5,-1,2.316432228,93
6/22/2018,1.90284884,0.5,-0.60569972,1.888988384,92
6/25/2018,1.788912346,0.5,-0.563747121,2.251008686,89
6/26/2018,2.604118478,0.5,-0.517654274,1.856122841,88
6/27/2018,2.940106857,0.5,-0.366224456,1.775061311,87
6/28/2018,1.735312573,0.5,-0.802994129,2.317955605,86
6/29/2018,1.719737883,0.5,-0.795502216,2.230137966,85
7/2/2018,1.624360597,0.5,-0.827466258,2.249536335,82
7/3/2018,1.745520558,0.5,-0.843723193,2.273105941,81
7/5/2018,1.845986163,0.5,-0.780242006,2.111830774,79
7/6/2018,1.953347012,0.5,-0.682584352,1.954720978,78
7/9/2018,2.770482388,0.5,-0.472104769,1.507025106,75
7/10/2018,0.940878808,0.5,-1,2.110625182,74
7/11/2018,2.083662849,0.5,-0.659642644,1.871832778,73
7/12/2018,2.029651455,0.5,-0.785557611,1.820845525,79
7/13/2018,2.120204381,0.5,-0.713679644,1.654110473,78
7/16/2018,2.233328906,0.5,-0.66017262,1.686710374,75
7/17/2018,2.48283079,0.5,-0.640140635,1.549053749,74
7/18/2018,2.34060563,0.5,-0.664786466,1.593156652,73
7/19/2018,2.000106688,0.5,-0.642228069,1.768896185,93
7/20/2018,1.836434638,0.5,-0.727067103,1.848095591,92
7/23/2018,2.039087944,0.5,-0.738176892,1.783405419,89
7/24/2018,0.832571394,0.5,-1,2.030343931,88
7/25/2018,2.010135601,0.5,-0.686892743,1.683562049,87
7/26/2018,2.018138738,0.5,-0.596863305,1.71167527,86
7/27/2018,2.005052182,0.5,-0.705888539,1.767851372,85
7/30/2018,2.025002935,0.5,-0.705795293,1.856507999,82
7/31/2018,2.397428815,0.5,-0.418709584,1.602784847,81
8/1/2018,2.631431887,0.5,-0.154503221,1.562133476,80
8/2/2018,2.153602263,0.5,-0.688098968,1.670067799,79
8/3/2018,0.068504805,0.5,-1,2.205261052,78
8/6/2018,2.168086704,0.5,-0.299856479,1.576255945,75
8/7/2018,2.658187809,0.5,-0.153128176,1.408015461,74
8/8/2018,2.286235377,0.5,-0.543649921,1.557757365,73
8/9/2018,1.637959142,0.5,-0.852231436,1.909078586,100
8/10/2018,1.673381294,0.5,-0.885421419,1.963493461,99
8/13/2018,1.799321313,0.5,-0.71950096,2.001000823,96
8/14/2018,1.764824116,0.5,-0.767361802,1.919976932,95
8/15/2018,1.783132587,0.5,-0.752686911,2.027744854,94
8/16/2018,0.103147158,0.5,-1,2.501466651,93
8/17/2018,1.913319237,0.5,-0.801978149,1.871121071,92
8/20/2018,0.161849233,0.5,-1,2.411302837,89
8/21/2018,0.461475617,0.5,-1,2.174276185,88
8/22/2018,1.854973322,0.5,-0.709437393,1.778582388,87
8/23/2018,1.845717691,0.5,-0.810781057,1.900406663,86
8/24/2018,1.944829618,0.5,-0.730169636,1.817728646,85
8/27/2018,2.095750304,0.5,-0.6382713,1.753135099,82
8/28/2018,2.100357168,0.5,-0.636227974,1.783199727,81
8/29/2018,0.656485761,0.5,-1,2.090995439,80
8/30/2018,2.612000052,0.5,-0.377383492,1.634417864,79
8/31/2018,2.078062005,0.5,-0.609299757,1.787270076,78
9/4/2018,3.009813331,0.5,-0.286518195,1.495357941,74
9/5/2018,2.087317462,0.5,-0.668994308,1.89322524,73
9/6/2018,1.675077365,0.5,-0.794373955,2.150318,107
9/7/2018,1.68620003,0.5,-0.792124774,2.221012356,106
9/10/2018,1.78268512,0.5,-0.634477336,2.067791076,103
9/11/2018,1.127930719,0.5,-0.832393547,2.127299552,102
9/12/2018,1.040887086,0.5,-1,2.166343065,101
9/13/2018,1.745049045,0.5,-0.746938275,1.921784679,100
9/14/2018,1.270696567,0.5,-0.832689886,1.941030768,99
9/17/2018,0.549451303,0.5,-1,2.07188161,96
9/18/2018,1.160560525,0.5,-0.783001653,2.020619562,95
9/19/2018,1.931551512,0.5,-0.627930738,1.810417387,94
9/20/2018,0.79692098,0.5,-0.505521406,0.77278183,93
9/21/2018,0.853121067,0.5,-1,2.442674321,92
9/24/2018,1,0.5,-0.5,0.1,89
9/25/2018,0.170210337,0.5,-0.533740768,2.539181967,88
9/26/2018,1.847915716,0.5,-0.682867446,1.975573506,87
9/27/2018,1.901760585,0.5,-0.675620419,1.902862939,86
9/28/2018,1.900921736,0.5,-0.678552868,1.900814905,85
10/1/2018,1.952973119,0.5,-0.659736539,1.890370032,82
10/2/2018,1.918872993,0.5,-0.67019838,1.903808006,81
10/3/2018,1.871082732,0.5,-0.673438142,1.918600689,80
10/4/2018,1.882752833,0.5,-0.73886377,2.093320917,79
10/5/2018,3.924825444,0.5,-0.093598712,0.980854638,78
10/8/2018,4.353394667,0.5,-0.293963482,1.013368556,75
10/9/2018,0.026264392,0.5,-1,2.850488047,74
10/10/2018,0.157642037,0.5,-1,3.14969063,73
10/11/2018,1.531186763,0.5,-0.752832393,3.014030585,82
10/12/2018,1.434889112,0.5,-0.85547844,2.723585757,81
10/15/2018,1.796650969,0.5,-0.773861129,2.6725518,78
10/16/2018,1.727803318,0.5,-0.75922782,2.415391744,77
10/17/2018,1.863347798,0.5,-0.746381955,2.394225308,76
10/18/2018,1.811355626,0.5,-0.703013084,2.634214419,75
10/19/2018,1.791309471,0.5,-0.707677395,2.672883855,74
10/22/2018,0.946297916,0.5,-1,2.841605552,89
10/23/2018,1.452992359,0.5,-0.755634393,2.786597994,88
10/24/2018,1.568770158,0.5,-0.642294215,2.931059516,87
10/25/2018,1.627136762,0.5,-0.655649069,2.948482065,86
10/26/2018,1.079970173,0.5,-0.821793836,3.280619994,85
10/29/2018,1.540389687,0.5,-0.68487014,3.177730703,82
10/30/2018,1.321417288,0.5,-0.772537337,3.135713052,81
10/31/2018,0.840101429,0.5,-1,3.115479272,80
11/1/2018,1.218362248,0.5,-0.743187889,2.891844982,79
11/2/2018,0.70880955,0.5,-1,3.09171631,78
11/5/2018,1.534129563,0.5,-0.73264248,2.855533161,75
11/6/2018,1.132176317,0.5,-0.967521649,2.768952848,74
11/7/2018,2.076469358,0.5,-0.454521359,2.054456561,73
11/8/2018,1.471268919,0.5,-0.678146209,2.416372804,100
11/9/2018,1.56941518,0.5,-0.699818737,2.507404245,99
11/12/2018,1.299131003,0.5,-0.894862767,2.824643632,96
11/13/2018,1.31292681,0.5,-1,2.8865624,95
11/14/2018,1.365165907,0.5,-0.849980581,2.951206655,94
11/15/2018,1.364393633,0.5,-0.89992307,2.880110554,93
11/16/2018,1.326432885,0.5,-0.921861725,2.758449307,92
11/19/2018,1.261942948,0.5,-0.884073774,3.001798801,89
11/20/2018,1.245704983,0.5,-0.892718575,3.203167818,88
11/21/2018,1.514671257,0.5,-0.76528269,2.971517814,87
11/23/2018,1.299045573,0.5,-0.876021635,3.087630895,85
11/26/2018,1.326757446,0.5,-0.774634655,2.823015221,82
11/27/2018,1.303932316,0.5,-0.801854718,2.829661255,81
11/28/2018,1.382252627,0.5,-0.75065464,2.723396667,80
11/29/2018,1.418680503,0.5,-0.735906953,2.784034587,79
11/30/2018,0.595150696,0.5,-1,2.859753077,78
12/3/2018,1.508636743,0.5,-0.836423363,2.499438347,75
12/4/2018,1.436173654,0.5,-0.855559627,2.973967478,74
12/6/2018,0.722434034,0.5,-1,2.977525852,100
12/7/2018,1.028355419,0.5,-0.911127529,3.129392484,99
12/10/2018,0.832423742,0.5,-0.878576812,3.034062148,96
12/11/2018,1.014562031,0.5,-1,3.254075351,95
12/12/2018,1.07211807,0.5,-1,3.214825136,94
12/13/2018,1.258701518,0.5,-0.892203518,3.159457424,93
12/14/2018,1.201373817,0.5,-0.664777787,3.272869474,92
12/17/2018,1.115764919,0.5,-0.719697115,3.473511241,89
12/18/2018,0.411854412,0.5,-1,3.55666881,88
12/19/2018,0.377425907,0.5,-1,3.519765888,87
12/20/2018,1.087525122,0.5,-0.694899441,3.531787125,86
12/21/2018,0.952870903,0.5,-0.6326446,3.744126191,85
12/24/2018,0.877975744,0.5,-0.713452071,4.138261494,82
12/26/2018,0.636010063,0.5,-0.828633852,3.790817062,80
12/27/2018,1.626559264,0.5,-0.463815861,3.462562872,79
12/28/2018,2.743201793,0.5,-0.346275368,2.675585398,78
12/31/2018,0.349408014,0.5,-1,3.647116007,75
,0,0,0,0,0
,0,0,0,0,0
