Date,alpha,beta,rho,sigma,Duration,StockPrice
1/2/2014,1.589140067,0.5,-0.589531369,1.709249548,80,182.92
1/3/2014,1.523519903,0.5,-0.580013826,1.709171092,79,182.885
1/6/2014,1.634817251,0.5,-0.580570416,1.662345319,76,182.36
1/7/2014,1.588532838,0.5,-0.623728932,1.611725104,75,183.48
1/8/2014,1.518681758,0.5,-0.659996745,1.616244037,74,183.52
1/9/2014,1.085608249,0.5,-0.961095458,1.674783676,73,183.64
1/10/2014,1.504631198,0.5,-0.727765619,1.59123301,81,184.14
1/13/2014,1.524113394,0.5,-0.646580865,1.706181328,78,181.685
1/14/2014,1.612326971,0.5,-0.65663732,1.592157548,77,183.72
1/15/2014,1.476045139,0.5,-0.854668761,1.620281506,76,184.66
1/16/2014,1.593103858,0.5,-0.769429655,1.632212497,75,184.42
1/17/2014,1.634586012,0.5,-0.745367144,1.609673674,74,183.635
1/21/2014,1.56692945,0.5,-0.669531019,1.595469353,89,184.18
1/22/2014,1.029299001,0.5,-0.933338269,1.668408444,88,184.3
1/23/2014,1.492356977,0.5,-0.695424391,1.635766964,87,182.79
1/24/2014,1.501280481,0.5,-0.746342446,1.894914499,86,178.89
1/27/2014,1.557414957,0.5,-0.676687987,1.869774835,83,178.01
1/28/2014,1.510777432,0.5,-0.654291081,1.788545193,82,179.07
1/29/2014,1.573444003,0.5,-0.635638112,1.894588478,81,177.35
1/30/2014,1.461853176,0.5,-0.81279896,1.91471599,80,179.23
1/31/2014,0.896330511,0.5,-1,2.085821446,79,178.18
2/3/2014,1.554890559,0.5,-0.686022304,2.224852766,76,174.17
2/4/2014,1.584538241,0.5,-0.700656338,2.038132621,75,175.385
2/5/2014,1.429642117,0.5,-0.806745401,2.177837072,74,175.17
2/6/2014,1.732151064,0.5,-0.660146149,1.889482014,73,177.48
2/7/2014,1.39190469,0.5,-0.707137955,1.796615804,100,179.68
2/10/2014,1.395978982,0.5,-0.749052984,1.791822884,97,180.01
2/11/2014,1.490696285,0.5,-0.650849458,1.712610718,96,181.98
2/12/2014,1.505254635,0.5,-0.592780764,1.71968147,95,182.07
2/13/2014,1.547802804,0.5,-0.564106672,1.679664151,94,183.01
2/14/2014,1.491760946,0.5,-0.674579361,1.651259197,93,184.02
2/18/2014,2.221810117,0.5,-0.119438685,1.550369889,89,184.24
2/19/2014,1.934098955,0.5,-0.427051556,1.651669061,88,183.02
2/20/2014,1.655841451,0.5,-0.628614371,1.677640798,87,184.1
2/21/2014,2.062077682,0.5,-0.316033382,1.512190421,86,183.89
2/24/2014,1.694534062,0.5,-0.562270931,1.619294413,83,184.91
2/25/2014,1.676000748,0.5,-0.645251258,1.643732538,82,184.84
2/26/2014,1.718532452,0.5,-0.547896385,1.64254941,81,184.85
2/27/2014,1.654264308,0.5,-0.613945414,1.644835772,80,185.82
2/28/2014,1.775129498,0.5,-0.637170908,1.637398979,79,186.29
3/3/2014,1.765204968,0.5,-0.635211467,1.799132662,76,184.98
3/4/2014,1.890471933,0.5,-0.564088289,1.604772488,75,187.58
3/5/2014,1.893164148,0.5,-0.556742368,1.61088181,74,187.75
3/6/2014,1.770106869,0.5,-0.595359992,1.607684708,73,188.18
3/7/2014,0.624418599,0.5,-1,1.924482667,107,188.26
3/10/2014,1.740332548,0.5,-0.428401209,1.703734712,104,188.16
3/11/2014,0.706524901,0.5,-1,1.948092325,103,187.23
3/12/2014,1.34953373,0.5,-0.737969198,1.813000128,102,187.28
3/13/2014,1.349519764,0.5,-0.7552265,1.951056691,101,185.18
3/14/2014,1.246436054,0.5,-0.872483061,2.053676792,100,184.66
3/17/2014,1.019834249,0.5,-1,1.947589853,97,186.33
3/18/2014,1.209034129,0.5,-1,1.871664392,96,187.66
3/19/2014,1.03339092,0.5,-1,1.871786363,95,186.66
3/20/2014,0.700376067,0.5,-1,1.911904788,94,187.747
3/21/2014,0.803548931,0.5,-1,1.97211392,93,186.2
3/24/2014,0.798232609,0.5,-1,1.967505937,90,185.43
3/25/2014,0.982159969,0.5,-1,1.871862509,89,186.31
3/26/2014,0.91301401,0.5,-0.989771904,1.983867842,88,184.97
3/27/2014,0.921192466,0.5,-0.999151925,1.869933617,87,184.58
3/28/2014,1.108478388,0.5,-0.909823172,1.858006398,86,185.49
3/31/2014,0.974388198,0.5,-0.843034413,1.852740945,83,187.01
4/1/2014,1.278975385,0.5,-0.880720719,1.719497664,82,188.25
4/2/2014,1.375970899,0.5,-0.816373928,1.705480502,81,188.88
4/3/2014,1.455809971,0.5,-0.683641633,1.722008893,80,188.63
4/4/2014,0.798191498,0.5,-1,1.881983683,79,186.4
4/7/2014,1.257331707,0.5,-0.795017866,1.928867584,76,184.34
4/8/2014,1.356799701,0.5,-0.861861813,1.846906153,75,185.1
4/9/2014,0.808491169,0.5,-1,1.845865523,74,187.09
4/10/2014,0.792997961,0.5,-1,2.016832516,73,183.155
4/11/2014,1.20392757,0.5,-1,2.041036673,81,181.51
4/14/2014,1.958682429,0.5,-0.35013391,1.847970135,78,182.9401
4/15/2014,1.300196022,0.5,-1,1.91648017,77,184.2
4/16/2014,1.661139791,0.5,-0.796892244,1.747606677,76,186.125
4/17/2014,1.40458383,0.5,-0.845410468,1.748173979,75,186.39
4/21/2014,1.265793754,0.5,-0.770450696,1.749896739,90,187.04
4/22/2014,1.30782309,0.5,-0.754418068,1.721169103,89,187.89
4/23/2014,1.252581714,0.5,-0.895303937,1.739443138,88,187.45
4/24/2014,1.284565928,0.5,-0.852852806,1.741539267,87,187.83
4/25/2014,1.47404373,0.5,-0.682792898,1.771721929,86,186.29
4/28/2014,1.375246328,0.5,-0.797454446,1.742248278,83,186.875
4/29/2014,1.327648257,0.5,-0.69635845,1.724518731,82,187.75
4/30/2014,1.402515182,0.5,-0.800441882,1.689181785,81,188.31
5/1/2014,1.558732017,0.5,-0.689376294,1.658725483,80,188.325
5/2/2014,1.365337242,0.5,-0.877112558,1.674385075,79,188.06
5/5/2014,1.509901292,0.5,-0.799046058,1.648455345,76,188.42
5/6/2014,1.477304686,0.5,-0.773469324,1.719240891,75,186.78
5/7/2014,1.545250621,0.5,-0.68756254,1.656404579,74,187.88
5/8/2014,1.548194448,0.5,-0.697392208,1.670382593,73,187.675
5/9/2014,1.124994078,0.5,-1,1.703372268,100,187.96
5/12/2014,1.332019387,0.5,-0.721592882,1.631563039,97,189.785
5/13/2014,1.318364806,0.5,-0.719956978,1.656124573,96,189.96
5/14/2014,1.332155265,0.5,-0.733589554,1.664985516,95,189.06
5/15/2014,1.366147666,0.5,-0.723352777,1.71125321,94,187.4
5/16/2014,1.243865612,0.5,-0.846750921,1.672123596,93,188.05
5/19/2014,1.357993412,0.5,-0.748125426,1.629195702,90,188.74
5/20/2014,1.375786987,0.5,-0.722622956,1.639118076,89,187.55
5/21/2014,1.411804015,0.5,-0.729041405,1.559178347,88,189.13
5/22/2014,1.40923582,0.5,-0.768043262,1.595705279,87,189.59
5/23/2014,1.405331354,0.5,-0.722052869,1.576388937,86,190.35
5/27/2014,0.792038881,0.5,-1,1.66306329,82,191.52
5/28/2014,1.510314175,0.5,-0.676987939,1.540157827,81,191.38
5/29/2014,1.550227139,0.5,-0.632798804,1.506119925,80,192.37
5/30/2014,1.773737718,0.5,-0.358757267,1.481268785,79,192.68
6/2/2014,1.523281499,0.5,-0.641886523,1.538135747,76,192.895
6/3/2014,1.619909963,0.5,-0.516693956,1.552033706,75,192.8
6/4/2014,1.593469262,0.5,-0.616466431,1.537469974,74,193.19
6/5/2014,1.761278202,0.5,-0.378729479,1.488746839,73,194.45
6/6/2014,0.998445506,0.5,-0.774977137,1.63189201,107,195.375
6/9/2014,1.179488658,0.5,-0.681939949,1.61629313,104,195.58
6/10/2014,1.217728671,0.5,-0.607061299,1.616456204,103,195.6
6/11/2014,1.404234359,0.5,-0.32230788,1.650719625,102,194.92
6/12/2014,1.438128394,0.5,-0.474255402,1.672552259,101,193.54
6/13/2014,1.363446699,0.5,-0.694743312,1.63434558,100,194.13
6/16/2014,1.410399086,0.5,-0.712523406,1.627782327,97,194.29
6/17/2014,1.72679343,0.5,-0.257741661,1.576604753,96,194.83
6/18/2014,1.483196068,0.5,-0.645895684,1.486811346,95,196.255
6/19/2014,1.327534553,0.5,-0.778324895,1.483936427,94,196.48
6/20/2014,0.970647184,0.5,-1,1.611911501,93,195.94
6/23/2014,1.593223415,0.5,-0.545237435,1.499954716,90,195.88
6/24/2014,0.819716817,0.5,-1,1.762398366,89,194.7
6/25/2014,1.518534058,0.5,-0.690350825,1.52168615,88,195.58
6/26/2014,1.4311342,0.5,-0.808645747,1.544948289,87,195.44
6/27/2014,1.443806834,0.5,-0.770609808,1.519328932,86,195.82
6/30/2014,1.460242657,0.5,-0.762008038,1.525409195,83,195.72
7/1/2014,1.553298937,0.5,-0.63732475,1.490332726,82,197.03
7/2/2014,1.736338379,0.5,-0.54726757,1.357828152,81,197.23
7/3/2014,0.606368601,0.5,-1,1.609310334,80,198.2
7/7/2014,1.51340668,0.5,-0.72948499,1.521422838,76,197.51
7/8/2014,1.523101895,0.5,-0.735307964,1.574646369,75,196.24
7/9/2014,1.94851209,0.5,-0.459804592,1.36766969,74,197.12
7/10/2014,1.544375981,0.5,-0.77530155,1.620609307,73,196.34
7/11/2014,2.113745481,0.5,-0.756934906,1.492856755,82,196.61
7/14/2014,1.338175399,0.5,-1,1.558100099,79,197.6
7/15/2014,1.3360587,0.5,-1,1.576839439,78,197.23
7/16/2014,1.423544088,0.5,-1,1.507886582,77,197.96
7/17/2014,1.455483245,0.5,-1,1.774431146,76,195.71
7/18/2014,1.537646679,0.5,-1,1.572859879,75,197.7099
7/21/2014,1.306740978,0.5,-0.956707358,1.642839206,90,197.34
7/22/2014,1.700539084,0.5,-0.710966417,1.421291878,89,198.2
7/23/2014,1.3802615,0.5,-0.670777652,1.619544126,88,198.64
7/24/2014,2.362977322,0.5,0.118900754,1.51243199,87,198.65
7/25/2014,0.749283643,0.5,-1,1.801130408,86,197.72
7/28/2014,1.496100103,0.5,-0.775195375,1.639268417,83,197.8
7/29/2014,1.643300578,0.5,-0.528893306,1.658336771,82,196.95
7/30/2014,1.374368634,0.5,-0.832851529,1.708632982,81,196.98
7/31/2014,1.51620853,0.5,-0.644333321,1.877272127,80,193.09
8/1/2014,1.337544318,0.5,-0.82163331,2.02712139,79,192.5
8/4/2014,1.501439408,0.5,-0.773196227,1.854104762,76,193.89
8/5/2014,1.359376354,0.5,-0.824755002,2.041986833,75,192.01
8/6/2014,1.573893287,0.5,-0.783049611,1.992443703,74,192.07
8/7/2014,1.374616851,0.5,-0.803937216,2.069810423,73,191.03
8/8/2014,1.165252123,0.5,-0.839426183,1.998115683,107,193.24
8/11/2014,1.140158835,0.5,-0.853421744,1.911914122,104,193.795
8/12/2014,1.131063912,0.5,-0.894338765,1.906181626,103,193.53
8/13/2014,1.219074484,0.5,-0.797501565,1.767050138,102,194.84
8/14/2014,1.21876791,0.5,-0.885781417,1.703511466,101,195.76
8/15/2014,0.937480589,0.5,-0.962291843,1.767602474,100,195.72
8/18/2014,0.758729282,0.5,-1,1.722172178,97,197.36
8/19/2014,1.583021426,0.5,-0.68514924,1.540605663,96,198.39
8/20/2014,1.489043812,0.5,-0.753458065,1.556540779,95,198.92
8/21/2014,1.514424581,0.5,-0.675889875,1.543469782,94,199.5
8/22/2014,1.521486896,0.5,-0.683788313,1.544087484,93,199.19
8/25/2014,1.567979492,0.5,-0.716677722,1.520692435,90,200.2
8/26/2014,1.481972601,0.5,-0.757653994,1.584329931,89,200.33
8/27/2014,1.543172555,0.5,-0.644973754,1.542020089,88,200.25
8/28/2014,1.659825113,0.5,-0.652770275,1.524154833,87,200.14
8/29/2014,1.539527376,0.5,-0.691357738,1.580047473,86,200.71
9/2/2014,1.616080262,0.5,-0.693794292,1.590141753,82,200.61
9/3/2014,1.662505892,0.5,-0.653684544,1.595730143,81,200.5
9/4/2014,1.294348875,0.5,-1,1.663956657,80,200.2101
9/5/2014,1.751547282,0.5,-0.685334237,1.502396551,79,201.11
9/8/2014,1.553864256,0.5,-0.908649245,1.565208584,76,200.59
9/9/2014,1.889572472,0.5,-0.758503467,1.612436798,75,199.32
9/10/2014,1.827896025,0.5,-0.816018985,1.57950214,74,200.07
9/11/2014,1.882081012,0.5,-0.796992509,1.561124405,73,200.3
9/12/2014,1.498375597,0.5,-0.716533167,1.785489077,100,199.13
9/15/2014,1.563259376,0.5,-0.859722896,1.768929724,97,198.981
9/16/2014,1.593896788,0.5,-0.805647927,1.668075678,96,200.48
9/17/2014,1.648694455,0.5,-0.727860953,1.60777205,95,200.75
9/18/2014,0.005089046,0.5,-0.232614569,1.809151777,94,201.82
9/19/2014,1.888575401,0.5,-0.62281576,1.572479599,93,200.7
9/22/2014,1.602582157,0.5,-0.72812915,1.725840983,90,199.15
9/23/2014,1.617121672,0.5,-0.769243371,1.818691296,89,198.01
9/24/2014,1.589986378,0.5,-0.795222046,1.734650692,88,199.56
9/25/2014,1.505017623,0.5,-0.818740148,1.952267769,87,196.34
9/26/2014,1.505405754,0.5,-0.86676467,1.874990779,86,197.9
9/29/2014,1.452974567,0.5,-0.930215215,2.004511097,83,197.54
9/30/2014,1.661778804,0.5,-0.827475601,1.989370081,82,197.02
10/1/2014,1.468143502,0.5,-0.741927398,2.099368697,81,194.35
10/2/2014,1.432376993,0.5,-0.816708033,2.070179769,80,194.38
10/3/2014,1.480954684,0.5,-0.810207157,1.905760053,79,196.52
10/6/2014,1.834482258,0.5,-0.524827688,1.870174611,76,196.29
10/7/2014,1.465914843,0.5,-0.813807707,2.130043205,75,193.26
10/8/2014,1.150156628,0.5,-0.728123859,1.784163763,74,196.64
10/9/2014,2.00320724,0.5,-0.316406881,2.021185995,73,192.74
10/10/2014,1.332960177,0.5,-0.950092374,2.416281578,83,190.54
10/13/2014,1.149252591,0.5,-1,2.678423462,80,187.4099
10/14/2014,1.40997389,0.5,-0.85791955,2.523496255,79,187.7
10/15/2014,1.428953895,0.5,-0.853605808,2.648247036,78,186.43
10/16/2014,0.988967146,0.5,-1,2.683490314,77,186.27
10/17/2014,1.061679749,0.5,-1,2.5576378,76,188.47
10/20/2014,1.366724173,0.5,-0.993841657,2.320234411,73,190.3
10/21/2014,0.751896951,0.5,-1,2.211023619,89,194.07
10/22/2014,1.317659675,0.5,-0.841216872,2.241003661,88,192.69
10/23/2014,1.725390481,0.5,-0.392605344,1.884560542,87,194.93
10/24/2014,2.522760316,0.5,-0.219582391,1.745919717,86,196.43
10/27/2014,1.66896046,0.5,-0.187395055,2.001135084,83,196.16
10/28/2014,1.260485144,0.5,-0.870259304,1.950960544,82,198.41
10/29/2014,1.49264642,0.5,-0.792708003,1.936878839,81,198.11
10/30/2014,1.493605539,0.5,-0.801447129,1.925287448,80,199.38
10/31/2014,1.187391465,0.5,-0.827823977,1.892798139,79,201.66
11/3/2014,0.981683545,0.5,-1,2.067054696,76,201.77
11/4/2014,1.585747853,0.5,-0.739101753,1.930981241,75,201.07
11/5/2014,0.781668686,0.5,-1,2.010974549,74,202.34
11/6/2014,1.521046008,0.5,-0.720473622,1.843446443,73,203.15
11/7/2014,1.539920339,0.5,-0.63033503,1.777293102,106,203.34
11/10/2014,1.506429402,0.5,-0.639340231,1.738982765,103,203.98
11/11/2014,1.5087621,0.5,-0.66297375,1.743538288,102,204.175
11/12/2014,1.60201206,0.5,-0.625293119,1.7483157,101,203.96
11/13/2014,1.647943863,0.5,-0.640497676,1.756486512,100,204.19
11/14/2014,1.619801189,0.5,-0.637786324,1.741281416,99,204.24
11/17/2014,1.682804754,0.5,-0.575931591,1.760022911,96,204.37
11/18/2014,1.636355729,0.5,-0.633189984,1.736090185,95,205.55
11/19/2014,1.555215201,0.5,-0.673742799,1.790417667,94,205.22
11/20/2014,1.723110301,0.5,-0.690327077,1.727955654,93,205.58
11/21/2014,1.732699453,0.5,-0.606744638,1.697378317,92,206.68
11/24/2014,1.855683811,0.5,-0.603620551,1.650790695,89,207.26
11/25/2014,1.802012629,0.5,-0.601871495,1.66358044,88,207.11
11/26/2014,1.819471509,0.5,-0.601232316,1.636886752,87,207.64
11/28/2014,1.14563917,0.5,-0.736009618,1.875472285,85,207.2
12/1/2014,1.895686502,0.5,-0.639635986,1.782747957,82,205.76
12/2/2014,1.835645942,0.5,-0.699635285,1.710848574,81,207.085
12/3/2014,1.922851037,0.5,-0.60568397,1.649050782,80,207.89
12/4/2014,1.767616161,0.5,-0.764462738,1.695644372,79,207.66
12/5/2014,1.829581132,0.5,-0.727263195,1.632954932,78,208
12/8/2014,1.869186887,0.5,-0.616452812,1.704704593,75,206.61
12/9/2014,1.871429594,0.5,-0.694186677,1.800368727,74,206.47
12/10/2014,1.866826207,0.5,-0.569919632,2.106335038,73,203.1601
12/11/2014,1.599283526,0.5,-0.751427482,2.346460473,100,204.19
12/12/2014,1.480564967,0.5,-0.751351886,2.550434819,99,200.89
12/15/2014,1.410422552,0.5,-0.779166028,2.503642502,96,199.51
12/16/2014,1.420671204,0.5,-0.801394865,2.680251671,95,197.91
12/17/2014,1.599119163,0.5,-0.646312858,2.327857362,94,201.79
12/18/2014,0.943275255,0.5,-1,2.320418838,93,206.78
12/19/2014,1.505286911,0.5,-0.754241668,2.159694736,92,206.52
12/22/2014,1.332126871,0.5,-1,2.129889002,89,207.47
12/23/2014,1.203165903,0.5,-1,2.130391362,88,207.75
12/24/2014,0.631375745,0.5,-1,2.184498886,87,207.77
12/26/2014,0.869417269,0.5,-1,2.155403579,85,208.44
12/29/2014,1.402480852,0.5,-0.850988085,2.04844861,82,208.72
12/30/2014,1.775801831,0.5,-0.731097685,2.051302978,81,207.6
12/31/2014,1.886704429,0.5,-0.640985478,2.216817033,80,205.54
1/2/2015,1.706136997,0.5,-0.846356233,2.240413489,78,205.43
1/5/2015,1.67735741,0.5,-0.791488448,2.444651774,75,201.72
1/6/2015,1.583078829,0.5,-0.840891079,2.561160133,74,199.82
1/7/2015,1.622891684,0.5,-0.842363916,2.397357749,73,202.31
1/8/2015,1.606977514,0.5,-0.87555639,2.160694051,83,205.9
1/9/2015,1.470341307,0.5,-1,2.278477861,82,204.25
1/12/2015,1.586596032,0.5,-0.954708846,2.391240731,79,202.65
1/13/2015,1.518009478,0.5,-0.934305247,2.46608303,78,202.08
1/14/2015,1.526308447,0.5,-0.92023757,2.543521741,77,200.86
1/15/2015,1.551101095,0.5,-0.839127308,2.566996754,76,199.0199
1/16/2015,1.599988759,0.5,-0.882981463,2.471683537,75,201.63
1/20/2015,1.484057768,0.5,-0.943750234,2.467209644,88,202.055
1/21/2015,1.560618795,0.5,-0.929816959,2.316561943,87,203.08
1/22/2015,1.704129956,0.5,-0.875118235,2.069210717,86,206.1
1/23/2015,1.689581643,0.5,-0.814579881,2.103287171,85,204.97
1/26/2015,2.001583872,0.5,-0.663347001,1.781658038,82,205.45
1/27/2015,1.619714475,0.5,-0.818052487,2.207783966,81,202.74
1/28/2015,1.487112744,0.5,-0.9970463,2.520901921,80,200.14
1/29/2015,1.656802311,0.5,-0.838914403,2.308846103,79,201.9902
1/30/2015,1.603509887,0.5,-0.848547497,2.563899328,78,199.45
2/2/2015,0.974081128,0.5,-0.954647955,2.404050459,75,201.92
2/3/2015,0.858186577,0.5,-1,2.339527714,74,204.84
2/4/2015,1.740207419,0.5,-0.892519114,2.318426835,73,204.06
2/5/2015,1.923801308,0.5,-0.815861906,2.159615673,100,206.12
2/6/2015,1.691401046,0.5,-0.823532995,2.301900421,99,205.55
2/9/2015,1.620975599,0.5,-0.873514965,2.396884606,96,204.63
2/10/2015,1.676176992,0.5,-0.907869398,2.233971127,95,206.81
2/11/2015,1.760684157,0.5,-0.80350355,2.1644859,94,206.93
2/12/2015,1.713844181,0.5,-0.796904406,2.024436376,93,208.92
2/13/2015,1.714153467,0.5,-0.788264212,2.018740421,92,209.78
2/17/2015,1.801600818,0.5,-0.794852798,2.017832628,88,210.11
2/18/2015,1.817079157,0.5,-0.78458996,2.022096739,87,210.13
2/19/2015,1.632122697,0.5,-0.801620989,1.972012852,86,209.98
2/20/2015,1.689878726,0.5,-0.825376324,1.907704418,85,211.239
2/23/2015,1.273315745,0.5,-0.99317983,2.005506627,82,211.209
2/24/2015,1.23371379,0.5,-1,1.915311369,81,211.81
2/25/2015,2.64347033,0.5,-0.128060422,1.529259,80,211.63
2/26/2015,1.780742155,0.5,-0.751944398,1.824632491,79,211.38
2/27/2015,1.749795942,0.5,-0.882955335,1.887318253,78,210.66
3/2/2015,1.886573189,0.5,-0.818344693,1.731212813,75,211.99
3/3/2015,1.877518716,0.5,-0.709768342,1.722930567,74,211.12
3/4/2015,1.88868183,0.5,-0.836273128,1.813682758,73,210.2301
3/5/2015,1.534805903,0.5,-0.906043447,1.942084039,107,210.46
3/6/2015,1.283637215,0.5,-1,2.154745024,106,207.5
3/9/2015,1.500002054,0.5,-0.988801446,2.046553946,103,208.36
3/10/2015,1.411214688,0.5,-0.83469886,2.219302041,102,204.98
3/11/2015,1.295738965,0.5,-0.982599592,2.315559781,101,204.5
3/12/2015,1.342008932,0.5,-1,2.159094841,100,207.1
3/13/2015,1.397753924,0.5,-0.954633984,2.189631872,99,205.8272
3/16/2015,1.720842517,0.5,-0.696327536,2.016802748,96,208.58
3/17/2015,1.557176682,0.5,-0.641591094,2.10604791,95,207.96
3/18/2015,1.036498291,0.5,-1,2.029141737,94,210.46
3/19/2015,1.780949913,0.5,-0.447277956,1.868871468,93,209.5
3/20/2015,0.999222271,0.5,-0.664800202,2.108127099,92,210.41
3/23/2015,0.887071815,0.5,-1,2.110107621,89,210
3/24/2015,1.393961752,0.5,-0.883360565,2.047812553,88,208.82
3/25/2015,1.374952827,0.5,-0.847741303,2.176045184,87,205.76
3/26/2015,1.272143266,0.5,-0.92545744,2.227506803,86,205.27
3/27/2015,1.302989155,0.5,-0.896061847,2.184025981,85,205.74
3/30/2015,1.416987916,0.5,-0.871248554,2.094065094,82,208.25
3/31/2015,1.308656814,0.5,-1,2.222215294,81,206.43
4/1/2015,1.350608732,0.5,-0.894798061,2.172724125,80,205.7
4/2/2015,1.287471819,0.5,-1,2.160671606,79,206.435
4/6/2015,1.361556123,0.5,-0.975374402,2.108562773,75,207.83
4/7/2015,1.403874671,0.5,-0.890124882,2.085809489,74,207.28
4/8/2015,1.635035945,0.5,-0.843914939,1.983887889,73,207.975
4/9/2015,1.478466882,0.5,-1,1.914185936,83,208.9
4/10/2015,1.443082405,0.5,-1,1.908450263,82,210.04
4/13/2015,1.718222158,0.5,-0.826913014,1.938649414,79,209.09
4/14/2015,1.271846814,0.5,-0.995838098,2.044140104,78,209.49
4/15/2015,1.549601381,0.5,-0.904576403,1.861823478,77,210.43
4/16/2015,1.527494285,0.5,-1,1.871125999,76,210.37
4/17/2015,1.50838437,0.5,-0.882213909,1.93603899,75,207.95
4/20/2015,1.5120518,0.5,-0.854758836,1.842053662,89,209.85
4/21/2015,1.801098215,0.5,-0.795773591,1.819172138,88,209.6
4/22/2015,1.535110724,0.5,-0.912109918,1.79985184,87,210.63
4/23/2015,0.865350715,0.5,-1,1.910381349,86,211.16
4/24/2015,1.504221776,0.5,-0.882784807,1.813693092,85,211.6499
4/27/2015,0.904355687,0.5,-1,1.976444062,82,210.77
4/28/2015,0.712110045,0.5,-1,1.912947429,81,211.44
4/29/2015,1.35519123,0.5,-0.641319092,1.872878239,80,210.57
4/30/2015,1.415978916,0.5,-0.957453487,2.018403341,79,208.46
5/1/2015,1.50826378,0.5,-0.91857485,1.843072295,78,210.72
5/4/2015,1.565373528,0.5,-0.88050216,1.851124904,75,211.32
5/5/2015,1.424352633,0.5,-0.876166516,1.99974777,74,208.9
5/6/2015,1.408223967,0.5,-0.910348602,2.06199504,73,208.04
5/7/2015,1.583681405,0.5,-0.862075036,2.038393468,107,208.87
5/8/2015,1.440717106,0.5,-0.880473788,1.907032556,106,211.62
5/11/2015,1.312373906,0.5,-0.90060572,2.002572332,103,210.605
5/12/2015,1.394324869,0.5,-0.783496442,2.005225212,102,209.98
5/13/2015,1.618407862,0.5,-0.726876359,1.954723352,101,210.02
5/14/2015,1.408195058,0.5,-0.910482186,1.882644554,100,212.21
5/15/2015,1.462214805,0.5,-0.92068661,1.830254795,99,212.44
5/18/2015,1.518581451,0.5,-0.837123903,1.816445424,96,213.1
5/19/2015,1.554136255,0.5,-0.824935507,1.766193268,95,213.03
5/20/2015,1.491641638,0.5,-0.805681441,1.841390234,94,212.88
5/21/2015,0.989731703,0.5,-1,1.765257616,93,213.5
5/22/2015,1.375966332,0.5,-0.993592863,1.802902629,92,212.99
5/26/2015,2.156107002,0.5,-0.331778049,1.605959777,88,210.7
5/27/2015,1.633815602,0.5,-0.832259824,1.747698626,87,212.7
5/28/2015,1.586011206,0.5,-0.864609012,1.79548182,86,212.46
5/29/2015,1.622972961,0.5,-0.8319044,1.827905418,85,211.14
6/1/2015,1.60438208,0.5,-0.826795587,1.842189694,82,211.57
6/2/2015,1.593000183,0.5,-0.912167029,1.902880209,81,211.36
6/3/2015,1.914740355,0.5,-0.78535216,1.781556216,80,211.92
6/4/2015,1.461972541,0.5,-0.937015126,1.985364369,79,210.1292
6/5/2015,1.603831484,0.5,-0.808596423,1.919735333,78,209.77
6/8/2015,1.467687277,0.5,-0.969464011,2.069019564,75,208.42
6/9/2015,1.461407473,0.5,-0.851702134,1.980653196,74,208.45
6/10/2015,1.605278201,0.5,-0.814857692,1.813485538,73,210.96
6/11/2015,1.387478669,0.5,-0.952306893,1.90667448,100,211.65
6/12/2015,0.863318545,0.5,-1,2.025377463,99,209.93
6/15/2015,1.313069765,0.5,-0.926311031,2.108632148,96,209.1
6/16/2015,1.537618521,0.5,-0.763670645,1.999393057,95,210.25
6/17/2015,1.378043471,0.5,-0.883097934,1.970581944,94,210.59
6/18/2015,0.766943884,0.5,-1,1.91538973,93,212.71
6/19/2015,1.313163155,0.5,-0.920087449,2.04109122,92,210.5
6/22/2015,1.458767033,0.5,-0.811151197,1.874121715,89,211.89
6/23/2015,1.513638936,0.5,-0.768503551,1.775687339,88,212.05
6/24/2015,1.432214629,0.5,-0.345103027,1.846022289,87,210.51
6/25/2015,1.369805147,0.5,-0.330933733,1.922737495,86,209.83
6/26/2015,1.428660657,0.5,-0.823747556,1.957169966,85,209.9
6/29/2015,1.491176686,0.5,-0.795903663,2.314352731,82,205.47
6/30/2015,2.136691139,0.5,-0.402012621,1.997944413,81,205.89
7/1/2015,1.241716106,0.5,-0.306395625,2.158621151,80,207.57
7/2/2015,0.830695011,0.5,-1,2.232451534,79,207.32
7/6/2015,2.288810835,0.5,-0.288626278,1.976987848,75,206.67
7/7/2015,2.212497245,0.5,-0.316408712,1.887861452,74,208.01
7/8/2015,1.424626493,0.5,-0.899825492,2.460351891,73,204.53
7/9/2015,1.785997255,0.5,-0.85743149,2.407368638,84,204.8
7/10/2015,0.509858906,0.5,-1,2.231789263,83,207.48
7/13/2015,1.886548053,0.5,-0.407288064,1.805777618,80,209.76
7/14/2015,1.455049664,0.5,-1,1.92885459,79,210.72
7/15/2015,1.572608856,0.5,-0.862996261,1.848540247,78,210.63
7/16/2015,1.587386887,0.5,-1,1.736292244,77,212.27
7/17/2015,0.509427366,0.5,-1,1.846853899,76,212.47
7/20/2015,1.63081655,0.5,-1,1.728208841,73,212.62
7/21/2015,1.563652704,0.5,-0.819422941,1.803713921,88,211.76
7/22/2015,1.09359088,0.5,-1,1.794799013,87,211.29
7/23/2015,1.991141981,0.5,-0.231426891,1.669851108,86,210.14
7/24/2015,1.458336532,0.5,-0.864799216,1.871549643,85,207.94
7/27/2015,1.356666984,0.5,-0.866163619,2.073370484,82,206.74
7/28/2015,1.374519535,0.5,-1,1.890998415,81,209.31
7/29/2015,1.672928769,0.5,-0.955928613,1.762043436,80,210.77
7/30/2015,1.310497182,0.5,-0.999295539,1.81451218,79,210.82
7/31/2015,0.802621585,0.5,-1,1.89095607,78,210.45
8/3/2015,1.357799866,0.5,-0.963823605,1.800232177,75,209.73
8/4/2015,1.30859424,0.5,-0.964700395,1.844948239,74,209.32
8/5/2015,1.192981918,0.5,-1,1.84444485,73,210.1
8/6/2015,1.092441492,0.5,-1,2.014869812,107,208.35
8/7/2015,1.429355539,0.5,-0.708197595,1.90028182,106,207.92
8/10/2015,1.162108345,0.5,-1,1.853334145,103,210.63
8/11/2015,1.259917652,0.5,-1,2.014449287,102,208.66
8/12/2015,0.78283546,0.5,-1,2.014008936,101,208.83
8/13/2015,2.804884536,0.5,-0.078961765,1.465544059,100,208.7
8/14/2015,1.217278651,0.5,-1,1.954928307,99,209.36
8/17/2015,2.314022853,0.5,0.150301138,1.691520348,96,210.56
8/18/2015,1.628671496,0.5,-0.498895407,1.853841391,95,209.93
8/19/2015,2.839909285,0.5,0.107344311,1.613117105,94,208.28
8/20/2015,2.266269769,0.5,-0.072330168,1.959189875,93,204.01
8/21/2015,1.378458918,0.5,-0.910561326,2.797022892,92,197.63
8/24/2015,1.338524493,0.5,-0.846927076,3.404895777,89,189.55
8/25/2015,1.478544408,0.5,-0.828236172,3.417659686,88,187.23
8/26/2015,1.551005276,0.5,-0.825530682,2.943068713,87,194.68
8/27/2015,1.22694218,0.5,-0.994487941,2.908119163,86,199.16
8/28/2015,1.247362225,0.5,-0.891371123,2.957738304,85,199.24
8/31/2015,1.157997048,0.5,-1,3.169152251,82,197.54
9/1/2015,1.693482005,0.5,-0.684701261,2.82137553,81,191.92
9/2/2015,1.086940588,0.5,-1,3.103725802,80,195.36
9/3/2015,1.623696516,0.5,-0.533188373,2.922133828,79,195.65
9/4/2015,1.616492249,0.5,-0.784503906,2.767394597,78,192.56
9/8/2015,1.696865925,0.5,-0.792203945,2.879258057,74,197.46
9/9/2015,1.545555504,0.5,-0.846261066,3.06925489,73,194.758
9/10/2015,0.58845425,0.5,-1,3.009285349,101,195.85
9/11/2015,0.496683414,0.5,-1,2.945734356,100,196.81
9/14/2015,0.589030291,0.5,-1,3.027981597,97,195.98
9/15/2015,0.759747646,0.5,-1,2.762672057,96,198.4508
9/16/2015,0.770205802,0.5,-1,2.586290326,95,200.14
9/17/2015,0.442082465,0.5,-0.203368419,2.679644876,94,199.7008
9/18/2015,0.870560282,0.5,-1,2.528825023,93,195.36
9/21/2015,0.876376184,0.5,-0.978776467,2.664198114,90,196.4401
9/22/2015,1.323095869,0.5,-0.786690201,2.708021469,89,193.9
9/23/2015,1.307000065,0.5,-0.919776919,2.672901935,88,193.6
9/24/2015,0.769299137,0.5,-1,2.886654423,87,192.93
9/25/2015,1.299840745,0.5,-0.846387601,2.818965112,86,192.865
9/28/2015,1.579970892,0.5,-0.52466034,2.943233452,83,187.91
9/29/2015,1.175281885,0.5,-0.961047045,3.084092066,82,188.08
9/30/2015,1.368158387,0.5,-0.89241105,2.895090311,81,191.59
10/1/2015,1.298526617,0.5,-0.889917701,2.807905304,80,192.16
10/2/2015,0.76090914,0.5,-1,2.728527999,79,194.99
10/5/2015,0.963060752,0.5,-0.663145518,2.564327845,76,198.48
10/6/2015,1.296988537,0.5,-0.676327865,2.503517773,75,197.81
10/7/2015,1.00583548,0.5,-1,2.49843733,74,199.43
10/8/2015,0.862499572,0.5,-1,2.418309988,73,201.2
10/9/2015,1.477700718,0.5,-0.931373498,2.248422763,84,201.4
10/12/2015,1.58058038,0.5,-0.856712863,2.17979358,81,201.5901
10/13/2015,1.402173252,0.5,-1,2.296957428,80,200.18
10/14/2015,1.476978679,0.5,-0.934312802,2.352873036,79,199.3
10/15/2015,1.648367955,0.5,-0.81848156,2.099338768,78,202.29
10/16/2015,1.513693986,0.5,-1,2.142596854,77,203.27
10/19/2015,1.557405272,0.5,-1,2.001067146,74,203.32
10/20/2015,1.687563288,0.5,-0.876868169,2.011776393,73,203.09
10/21/2015,1.51827698,0.5,-0.860656805,2.196677978,87,201.87
10/22/2015,0.762217959,0.5,-0.979495593,2.005052973,86,205.21
10/23/2015,1.064843348,0.5,-0.532726072,2.11433533,85,207.52
10/26/2015,0.590298533,0.5,-1,2.23034259,82,206.99
10/27/2015,1.630395618,0.5,-0.83353101,2.058973575,81,206.569
10/28/2015,1.097868857,0.5,-1,2.088814448,80,208.9408
10/29/2015,0.704479537,0.5,-0.669353346,2.299720743,79,208.89
10/30/2015,1.6965731,0.5,-0.748170963,2.037417083,78,207.87
11/2/2015,0.714691113,0.5,-1,2.156331961,75,210.33
11/3/2015,1.878418572,0.5,-0.610148715,1.899362047,74,210.95
11/4/2015,0.667011572,0.5,-0.97991299,2.348040188,73,210.38
11/5/2015,1.651926322,0.5,-0.895561915,2.054023043,107,210.12
11/6/2015,1.781390467,0.5,-0.784972997,1.929686089,106,210.04
11/9/2015,1.318792972,0.5,-1,2.200961887,103,208.05
11/10/2015,1.397693942,0.5,-1,2.174153457,102,208.55
11/11/2015,1.556982387,0.5,-0.92287987,2.154231206,101,207.67
11/12/2015,1.409888547,0.5,-0.919746603,2.356055283,100,204.84
11/13/2015,1.280404422,0.5,-1,2.560171259,99,202.54
11/16/2015,1.010010156,0.5,-1,2.32738013,96,205.62
11/17/2015,1.44680437,0.5,-0.887640064,2.369418368,95,205.47
11/18/2015,1.103444556,0.5,-1,2.190642781,94,208.73
11/19/2015,1.740528659,0.5,-0.817915256,2.184260249,93,208.55
11/20/2015,1.316042624,0.5,-0.887709758,2.097475292,92,209.3108
11/23/2015,1.028224701,0.5,-1,2.129311373,89,209.07
11/24/2015,0.985870824,0.5,-1,2.097688488,88,209.35
11/25/2015,1.044377693,0.5,-1,2.092042719,87,209.32
11/27/2015,1.53638966,0.5,-1,2.132238247,85,209.56
11/30/2015,1.260665141,0.5,-0.990878352,2.177169377,82,208.69
12/1/2015,1.223644455,0.5,-1,2.073876752,81,210.68
12/2/2015,1.646854461,0.5,-0.841438631,2.086086052,80,208.529
12/3/2015,1.571957721,0.5,-0.862412006,2.305888687,79,205.61
12/4/2015,1.491448895,0.5,-0.826181042,2.020602517,78,209.62
12/7/2015,1.61195632,0.5,-0.822433889,2.099157715,75,208.35
12/8/2015,1.712391643,0.5,-0.844235635,2.19781412,74,206.949
12/9/2015,2.112163763,0.5,-0.348781249,2.089233345,73,205.34
12/10/2015,1.309033667,0.5,-0.973840878,2.496797991,100,205.87
12/11/2015,1.340411913,0.5,-0.954985384,2.813213617,99,201.88
12/14/2015,1.330371864,0.5,-0.883441569,2.626494425,96,202.9008
12/15/2015,0.833180437,0.5,-1,2.600832446,95,205.0308
12/16/2015,0.682470634,0.5,-1,2.47723892,94,208.03
12/17/2015,1.506606402,0.5,-0.851244809,2.385502957,93,204.86
12/18/2015,1.261100681,0.5,-0.949845962,2.671149129,92,200.0208
12/21/2015,1.278928254,0.5,-0.83159632,2.523639347,89,201.67
12/22/2015,0.862687312,0.5,-0.923012871,2.498224564,88,203.5
12/23/2015,1.577711692,0.5,-0.76777781,1.9703344,87,206.02
12/24/2015,1.016304567,0.5,-1,2.122290951,86,205.68
12/28/2015,1.357405758,0.5,-0.780255657,2.305906983,82,205.21
12/29/2015,1.149522798,0.5,-0.883074873,2.29538136,81,207.4
12/30/2015,1.419649523,0.5,-0.941460212,2.33610062,80,205.93
12/31/2015,1.295916902,0.5,-0.94422052,2.4111099,79,203.87
1/4/2016,1.599522001,0.5,-0.801227185,2.531984773,75,201.0192
1/5/2016,1.349179018,0.5,-0.927734696,2.521271907,74,201.36
1/6/2016,1.75145043,0.5,-0.762800608,2.231643108,73,198.82
1/7/2016,1.187625781,0.5,-1,2.956668821,85,194.05
1/8/2016,1.358537044,0.5,-0.883489509,2.978202887,84,191.923
1/11/2016,1.241930094,0.5,-0.958112798,2.889664194,81,192.11
1/12/2016,1.327588151,0.5,-0.90354211,2.70638306,80,193.6608
1/13/2016,1.375524469,0.5,-0.863160947,2.88669456,79,188.83
1/14/2016,1.336886707,0.5,-0.918037865,2.827925339,78,191.93
1/15/2016,1.453930914,0.5,-0.864068674,2.959478645,77,187.81
1/19/2016,1.487482478,0.5,-0.885410014,2.960644021,73,188.06
1/20/2016,1.156841531,0.5,-0.945927724,3.105453708,87,185.65
1/21/2016,1.067689983,0.5,-0.965079636,3.062672454,86,186.69
1/22/2016,1.160288714,0.5,-0.907890965,2.582160507,85,190.52
1/25/2016,1.38072012,0.5,-0.869209909,2.905062818,82,187.64
1/26/2016,2.181009737,0.5,-0.634903682,2.28709111,81,190.2
1/27/2016,1.35690159,0.5,-0.885074037,2.892221857,80,188.13
1/28/2016,1.33663804,0.5,-0.916146597,2.793768973,79,189.11
1/29/2016,1.29156129,0.5,-0.919961519,2.322131144,78,193.7208
2/1/2016,1.384062603,0.5,-0.858220248,2.574056798,75,193.65
2/2/2016,1.273906076,0.5,-0.934021358,2.797527453,74,190.16
2/3/2016,1.439261874,0.5,-0.893325136,2.748615566,73,191.3
2/4/2016,1.083079187,0.5,-0.936730835,2.82884301,107,191.6
2/5/2016,1.018914372,0.5,-0.971508178,2.95386853,106,187.95
2/8/2016,0.955492079,0.5,-0.994520057,3.117403858,103,185.42
2/9/2016,0.853950615,0.5,-1,3.153581956,102,185.43
2/10/2016,0.979978613,0.5,-1,3.156990235,101,185.27
2/11/2016,1.009585892,0.5,-0.983087969,3.302398501,100,182.86
2/12/2016,0.860065286,0.5,-1,3.129524413,99,186.63
2/16/2016,2.124373844,0.5,-0.775962336,2.437186279,95,189.78
2/17/2016,0.900679584,0.5,-1,2.856915992,94,192.88
2/18/2016,1.10461585,0.5,-1,2.801834649,93,192.09
2/19/2016,1.68663359,0.5,-0.863169834,2.265974113,92,192
2/22/2016,1.451812811,0.5,-0.891816459,2.492488518,89,194.78
2/23/2016,1.28414576,0.5,-1,2.730725158,88,192.32
2/24/2016,1.347987021,0.5,-0.889902182,2.666276767,87,193.2
2/25/2016,1.298293762,0.5,-1,2.52830718,86,195.54
2/26/2016,1.2493646,0.5,-1,2.598010618,85,195.0892
2/29/2016,1.283654521,0.5,-0.90645911,2.645208558,82,193.35
3/1/2016,1.310430702,0.5,-0.983370669,2.406673165,81,198.11
3/2/2016,1.405093366,0.5,-0.912691441,2.302600867,80,199
3/3/2016,1.338063862,0.5,-1,2.267739624,79,199.775
3/4/2016,1.433955628,0.5,-0.895579722,2.247475325,78,200.43
3/7/2016,2.126573786,0.5,-0.71815541,1.786273793,75,200.59
3/8/2016,1.243529453,0.5,-1,2.169925374,74,198.4
3/9/2016,2.192274708,0.5,-0.816886156,1.924162428,73,199.38
3/10/2016,1.288638124,0.5,-1,2.482917526,100,199.54
3/11/2016,1.012193572,0.5,-1,2.39460067,99,202.76
3/14/2016,1.395413325,0.5,-0.907575127,2.28233987,96,202.5
3/15/2016,1.417050432,0.5,-0.887322791,2.280448153,95,202.17
3/16/2016,1.169979604,0.5,-0.998419631,2.071659985,94,203.34
3/17/2016,1.466218276,0.5,-0.250115575,1.854592194,93,204.63
3/18/2016,1.027736095,0.5,-0.694560911,2.021615265,92,204.38
3/21/2016,0.773499453,0.5,-1,2.190178621,89,204.67
3/22/2016,1.654279468,0.5,-0.722678368,1.817883492,88,204.56
3/23/2016,0.962939231,0.5,-0.973736665,2.292010608,87,203.2092
3/24/2016,0.891156561,0.5,-1,2.132569598,86,203.12
3/28/2016,0.777013674,0.5,-1,2.160271756,82,203.24
3/29/2016,0.919362253,0.5,-1,2.004413046,81,205.1208
3/30/2016,1.740420221,0.5,-0.725272325,1.786151538,80,206.02
3/31/2016,1.171159734,0.5,-1,2.014282299,79,205.52
4/1/2016,0.991371701,0.5,-1,2.055306616,78,206.92
4/4/2016,0.893351624,0.5,-1,2.141028888,75,206.25
4/5/2016,1.230778178,0.5,-0.714329362,1.995878324,74,204.1892
4/6/2016,1.630939723,0.5,-0.833343689,2.000650233,73,206.42
4/7/2016,1.319608539,0.5,-1,2.278932941,85,203.95
4/8/2016,1.340719376,0.5,-1,2.218493605,84,204.4992
4/11/2016,1.575541653,0.5,-0.866969351,2.219200318,81,204.0201
4/12/2016,1.007735839,0.5,-1,2.154300515,80,205.92
4/13/2016,1.135428495,0.5,-1,2.040928906,79,208.0008
4/14/2016,1.724766261,0.5,-0.784904721,1.961964135,78,208.01
4/15/2016,2.064543207,0.5,-0.648762593,1.83435736,77,207.78
4/18/2016,1.437126139,0.5,-0.746907897,1.920943004,74,209.2392
4/19/2016,1.827985323,0.5,-0.664961604,1.827095911,73,209.9
4/20/2016,1.668829757,0.5,-0.688469247,1.83018011,87,210.1
4/21/2016,1.556850716,0.5,-0.758810698,1.957965626,86,208.97
4/22/2016,1.70680789,0.5,-0.652320122,1.885487639,85,208.97
4/25/2016,1.767996215,0.5,-0.627884578,1.937424343,82,208.61
4/26/2016,1.671136402,0.5,-0.765015829,1.950272486,81,208.9192
4/27/2016,1.708281672,0.5,-0.643646391,1.894469871,80,209.35
4/28/2016,1.601360333,0.5,-0.767438575,2.031369242,79,207.4475
4/29/2016,1.578951156,0.5,-0.888729578,2.120595507,78,206.3308
5/2/2016,1.658602775,0.5,-0.837587598,2.007781874,75,207.97
5/3/2016,1.576532589,0.5,-0.890527234,2.128827323,74,206.1592
5/4/2016,0.931402313,0.5,-0.949695872,2.319228851,73,205.01
5/5/2016,1.466086428,0.5,-0.815174141,2.212522029,107,204.97
5/6/2016,1.319453834,0.5,-0.98555987,2.210734155,106,205.72
5/9/2016,1.253400441,0.5,-1,2.185406591,103,205.8892
5/10/2016,1.329409474,0.5,-1,2.086695697,102,208.45
5/11/2016,1.604680344,0.5,-0.812293038,2.043880611,101,206.5
5/12/2016,1.344152504,0.5,-0.99631296,2.138032364,100,206.56
5/13/2016,1.238038372,0.5,-0.962084536,2.220414826,99,204.76
5/16/2016,1.324926705,0.5,-0.970251098,2.139823823,96,206.78
5/17/2016,1.267195625,0.5,-1,2.224562595,95,204.8508
5/18/2016,1.304679039,0.5,-1,2.244331426,94,204.91
5/19/2016,1.269348064,0.5,-1,2.267160899,93,204.2
5/20/2016,1.340566088,0.5,-0.940185072,2.147428752,92,205.49
5/23/2016,1.378803396,0.5,-0.91267585,2.135675716,89,205.21
5/24/2016,1.46165477,0.5,-0.864477803,1.976759633,88,207.87
5/25/2016,1.604062721,0.5,-0.797093634,1.876635375,87,209.28
5/26/2016,1.580692694,0.5,-0.798677001,1.858122406,86,209.34
5/27/2016,1.616054641,0.5,-0.803558597,1.797727582,85,210.24
5/31/2016,1.598784817,0.5,-0.798786194,1.88156257,81,209.84
6/1/2016,1.642276081,0.5,-0.808388342,1.845492858,80,210.27
6/2/2016,1.662493259,0.5,-0.827959895,1.796422701,79,210.91
6/3/2016,1.231144457,0.5,-1,1.896847664,78,210.28
6/6/2016,1.746046064,0.5,-0.775758408,1.763479157,75,211.35
6/7/2016,1.780054455,0.5,-0.781125638,1.775267464,74,211.68
6/8/2016,1.846684799,0.5,-0.706569596,1.782721251,73,212.37
6/9/2016,1.473295061,0.5,-0.864689062,2.018705994,100,212.08
6/10/2016,2.003050576,0.5,-0.167242086,2.044160313,99,210.07
6/13/2016,1.479203656,0.5,-0.928978599,2.537878348,96,208.4492
6/14/2016,1.520804164,0.5,-0.892426541,2.46130976,95,208.04
6/15/2016,1.520216228,0.5,-0.952579688,2.446671259,94,207.75
6/16/2016,2.109823642,0.5,-0.094551566,2.14136783,93,208.37
6/17/2016,1.456483764,0.5,-0.90980904,2.409577101,92,206.52
6/20/2016,1.603570213,0.5,-0.805406802,2.248487322,89,207.85
6/21/2016,1.526674746,0.5,-0.888912132,2.272433707,88,208.44
6/22/2016,1.592834724,0.5,-0.836370242,2.396775967,87,208.1
6/23/2016,1.672703444,0.5,-0.815329571,2.072621694,86,210.81
6/24/2016,1.455434471,0.5,-0.690756486,2.351482462,85,203.2425
6/27/2016,1.669457399,0.5,-0.77907597,2.471807853,82,199.6
6/28/2016,1.562978966,0.5,-0.854362237,2.33688299,81,203.1997
6/29/2016,1.543505872,0.5,-0.867742154,2.19950481,80,206.66
6/30/2016,1.650177375,0.5,-0.804557381,2.073636971,79,209.475
7/1/2016,1.67087965,0.5,-0.823542473,1.976907664,78,209.9208
7/5/2016,1.617180176,0.5,-0.870963996,2.112621491,74,208.41
7/6/2016,1.027453495,0.5,-1,2.207797563,73,209.66
7/7/2016,1.476844319,0.5,-1,2.102837478,86,209.526
7/8/2016,1.770243665,0.5,-0.747334139,1.841402285,85,212.65
7/11/2016,1.777958133,0.5,-0.689629573,1.853771617,82,213.4
7/12/2016,1.852586399,0.5,-0.631161879,1.773442198,81,214.95
7/13/2016,1.990682685,0.5,-0.487313844,1.74420132,80,214.92
7/14/2016,1.913754422,0.5,-0.556833657,1.750048519,79,216.12
7/15/2016,1.777087118,0.5,-0.75631095,1.808368662,78,215.83
7/18/2016,1.833720909,0.5,-0.70558127,1.791751148,75,216.4092
7/19/2016,2.003856203,0.5,-0.328500662,1.814057933,74,216.19
7/20/2016,1.757986981,0.5,-0.807105386,1.772346386,73,217.085
7/21/2016,1.67089504,0.5,-0.733073513,1.827507197,93,216.265
7/22/2016,1.769249007,0.5,-0.683335094,1.758497102,92,217.24
7/25/2016,1.69325035,0.5,-0.730239562,1.842481603,89,216.65
7/26/2016,1.673316252,0.5,-0.717345954,1.84967119,88,216.75
7/27/2016,1.663749081,0.5,-0.714111372,1.793907459,87,216.52
7/28/2016,1.719099538,0.5,-0.657976896,1.731469077,86,216.77
7/29/2016,1.631989642,0.5,-0.786122047,1.75832322,85,217.12
8/1/2016,1.78097176,0.5,-0.633311324,1.723930781,82,216.94
8/2/2016,1.224927497,0.5,-1,2.019474629,81,215.5492
8/3/2016,1.837606514,0.5,-0.661327625,1.757868501,80,216.18
8/4/2016,1.207920783,0.5,-1,1.900584468,79,216.4097
8/5/2016,1.7897869,0.5,-0.592451445,1.61805565,78,218.18
8/8/2016,1.093411551,0.5,-0.973048966,1.876535196,75,218.05
8/9/2016,1.117572795,0.5,-1,1.847713657,74,218.18
8/10/2016,1.886555392,0.5,-0.689207153,1.679263314,73,217.64
8/11/2016,1.591062592,0.5,-0.718821606,1.785661372,100,218.65
8/12/2016,1.61867209,0.5,-0.72965415,1.774092359,99,218.46
8/15/2016,0.971567515,0.5,-0.96099684,2.006546432,96,219.09
8/16/2016,1.024095925,0.5,-1,2.011400779,95,217.96
8/17/2016,0.899835823,0.5,-1,1.997971919,94,218.37
8/18/2016,0.77699408,0.5,-1,1.939013439,93,218.86
8/19/2016,1.039722386,0.5,-0.844091208,1.889162459,92,218.54
8/22/2016,1.576407814,0.5,-0.806410369,1.788137073,89,218.53
8/23/2016,1.361196526,0.5,-0.866473457,1.875019581,88,218.97
8/24/2016,1.66881688,0.5,-0.736263163,1.834350974,87,217.85
8/25/2016,1.601961744,0.5,-0.824459491,1.868373098,86,217.7
8/26/2016,1.658307564,0.5,-0.748328622,1.858275183,85,217.29
8/29/2016,1.669883371,0.5,-0.856051827,1.802071822,82,218.3608
8/30/2016,1.473315488,0.5,-0.864002204,1.834896234,81,218
8/31/2016,1.372477669,0.5,-0.951780688,1.911815725,80,217.38
9/1/2016,1.627792433,0.5,-0.730460477,1.850714421,79,217.39
9/2/2016,1.068007207,0.5,-1,1.895356694,78,218.37
9/6/2016,1.731560973,0.5,-0.783439734,1.70523085,74,219.0308
9/7/2016,1.804865069,0.5,-0.772740598,1.669628638,73,219.01
9/8/2016,1.462711816,0.5,-0.149231578,1.955200775,100,218.51
9/9/2016,1.494880137,0.5,-0.28208276,2.268887962,99,213.28
9/12/2016,1.44928941,0.5,-0.843712803,2.088698587,96,216.34
9/13/2016,1.026065132,0.5,-1,2.336104021,95,213.23
9/14/2016,2.129693096,0.5,-0.072062956,2.09101334,94,213.13
9/15/2016,1.782314572,0.5,0.49749283,2.27899166,93,215.27
9/16/2016,1.220259021,0.5,-0.884078858,2.24302584,92,213.36
9/19/2016,1.872177523,0.5,-0.250146941,2.033572751,89,213.3992
9/20/2016,1.908172442,0.5,-0.294050148,2.060731663,88,213.45
9/21/2016,0.74650914,0.5,-1,2.266309575,87,215.78
9/22/2016,1.509032149,0.5,-0.7775561,1.845704362,86,217.18
9/23/2016,1.004158528,0.5,-1,2.01546101,85,216.02
9/26/2016,1.424949535,0.5,-0.889235266,2.153333609,82,214.2
9/27/2016,1.497336321,0.5,-0.840310165,2.017771653,81,215.56
9/28/2016,1.171938983,0.5,-0.89209772,1.931596707,80,216.62
9/29/2016,2.818984071,0.5,-0.355905739,1.560330299,79,214.75
9/30/2016,1.054657469,0.5,-0.387151851,2.027090864,78,216.35
10/3/2016,2.473189538,0.5,-0.266292592,1.68422164,75,215.7
10/4/2016,2.722334347,0.5,-0.198492324,1.452832152,74,214.65
10/5/2016,0.991392168,0.5,-0.881119078,2.006826955,73,215.66
10/6/2016,1.611851279,0.5,-0.779288755,1.896859752,86,215.83
10/7/2016,1.630299064,0.5,-0.89279623,1.965801993,85,215.03
10/10/2016,1.56335303,0.5,-1,1.893760418,82,216.0808
10/11/2016,1.410291992,0.5,-1,2.084365437,81,213.44
10/12/2016,1.485084105,0.5,-0.953543714,2.081457031,80,213.67
10/13/2016,1.59894623,0.5,-0.84632456,2.123619207,79,213.07
10/14/2016,2.434596231,0.5,-0.437697545,1.865538538,78,213.06
10/17/2016,1.482457475,0.5,-0.939459812,2.138320228,75,212.43
10/18/2016,1.46012198,0.5,-0.974582835,2.100925364,74,213.67
10/19/2016,1.663992642,0.5,-0.855338666,1.969689871,73,214.2203
10/20/2016,0.877974498,0.5,-1,2.038765163,93,213.9
10/21/2016,1.427507337,0.5,-0.855680196,1.879656372,92,213.89
10/24/2016,0.831463609,0.5,-1,1.985672674,89,214.86
10/25/2016,0.957632276,0.5,-1,1.994991492,88,214.19
10/26/2016,1.747601963,0.5,-0.758151758,1.868134434,87,213.75
10/27/2016,1.510129769,0.5,-0.854940518,1.990905557,86,213.175
10/28/2016,0.499490053,0.5,-1,2.205708563,85,212.5
10/31/2016,1.0744599,0.5,-1,2.189641529,82,212.56
11/1/2016,0.774531958,0.5,-1,2.30807484,81,211.02
11/2/2016,0.738117712,0.5,-1,2.182258116,80,209.71
11/3/2016,0.81837916,0.5,-1,2.475199666,79,208.84
11/4/2016,0.725156957,0.5,-1,2.523432259,78,208.56
11/7/2016,0.796590943,0.5,-0.365746808,2.348288299,75,213.15
11/8/2016,0.932519289,0.5,-1,2.231060071,74,214.07
11/9/2016,1.941951707,0.5,-0.682841866,1.774384265,73,216.3792
11/10/2016,1.501144176,0.5,-0.863774201,1.949365079,100,216.94
11/11/2016,1.518690403,0.5,-0.700700652,1.919760777,99,216.45
11/14/2016,1.398177198,0.5,-0.199418626,2.067113935,96,216.57
11/15/2016,1.669665459,0.5,-0.630464753,1.81221021,95,218.25
11/16/2016,1.618570652,0.5,-0.689532678,1.842413783,94,217.9392
11/17/2016,1.702420492,0.5,-0.609448092,1.786167349,93,218.94
11/18/2016,1.623855582,0.5,-0.726901777,1.815266421,92,218.48
11/21/2016,1.828461152,0.5,-0.115740278,1.571573008,89,220.12
11/22/2016,1.594957192,0.5,-0.188688416,1.775687958,88,220.57
11/23/2016,1.415180075,0.5,-0.656537671,1.742781695,87,220.71
11/25/2016,1.292158359,0.5,-0.543792803,1.750185999,85,221.52
11/28/2016,1.694469957,0.5,-0.675754551,1.785627358,82,220.54
11/29/2016,1.28887671,0.5,-0.771791893,1.846964532,81,220.88
11/30/2016,1.809319681,0.5,-0.623764807,1.772651058,80,220.39
12/1/2016,1.722370117,0.5,-0.375149982,1.864635839,79,219.5608
12/2/2016,1.82486052,0.5,-0.618349982,1.836916947,78,219.6108
12/5/2016,1.424126207,0.5,-0.680011624,1.799453602,75,220.94
12/6/2016,1.095572027,0.5,-0.95700048,1.845628813,74,221.66
12/7/2016,2.102466318,0.5,-0.30374822,1.602425391,73,224.55
12/8/2016,1.794366656,0.5,-0.121825071,1.835382419,100,225.13
12/9/2016,1.537314419,0.5,0.047237842,1.948745071,99,226.53
12/12/2016,2.37016961,0.5,0.084553542,1.654787745,96,226.22
12/13/2016,1.507464109,0.5,-0.181034466,1.965337368,95,227.69
12/14/2016,2.5973342,0.5,0.027624154,1.607206202,94,225.92
12/15/2016,1.860113132,0.5,0.189514502,1.78593167,93,226.77
12/16/2016,0.962392367,0.5,-0.879734333,2.041946153,92,225.05
12/19/2016,1.554978197,0.5,-0.296637738,1.919072148,89,225.5
12/20/2016,2.002247404,0.5,-0.245239389,1.694981744,88,226.38
12/21/2016,1.565326941,0.5,-0.609479019,1.823952271,87,225.7903
12/22/2016,0.666134925,0.5,-1,2.055472783,86,225.44
12/23/2016,0.621402701,0.5,-1,2.073551258,85,225.7
12/27/2016,1.707493344,0.5,-0.596290997,1.825583686,81,226.25
12/28/2016,2.790535126,0.5,-0.101264828,1.557202388,80,224.43
12/29/2016,2.677657815,0.5,-0.347802008,1.572871457,79,224.33
12/30/2016,2.424997647,0.5,-0.204089172,1.711685209,78,223.52
1/3/2017,1.022478395,0.5,-0.638288785,2.120071774,74,225.14
1/4/2017,1.766070406,0.5,-0.132412067,1.805360039,73,226.53
1/5/2017,1.653586829,0.5,-0.792155827,1.746930155,86,226.34
1/6/2017,1.583320788,0.5,-0.730686308,1.761069808,85,227.25
1/9/2017,1.332546599,0.5,-0.80490094,1.875029258,82,226.52
1/10/2017,1.810521646,0.5,-0.675352944,1.711792536,81,226.48
1/11/2017,1.641843255,0.5,-0.684283049,1.745947853,80,227.0308
1/12/2017,1.883246019,0.5,-0.417822657,1.68162535,79,226.5508
1/13/2017,1.59402928,0.5,-1,1.757223579,78,227.04
1/17/2017,1.904570115,0.5,-0.657647763,1.707834486,74,226.28
1/18/2017,1.848692071,0.5,-0.998750857,1.717149024,73,226.75
1/19/2017,1.113400324,0.5,-0.577403437,1.899069745,93,226.01
1/20/2017,0.598609509,0.5,-1,1.832977665,92,226.74
1/23/2017,0.788404477,0.5,-1,1.867070199,89,226.17
1/24/2017,1.218562611,0.5,-1,1.781617647,88,227.6008
1/25/2017,1.364683951,0.5,-0.866989825,1.711623221,87,229.55
1/26/2017,1.309250629,0.5,-0.735920336,1.701816486,86,229.33
1/27/2017,0.752186656,0.5,-1,1.772727077,85,228.99
1/30/2017,1.331085979,0.5,-1,1.834020292,82,227.6
1/31/2017,0.741467256,0.5,-1,1.884684521,81,227.51
2/1/2017,0.713194234,0.5,-0.889374036,1.996906628,80,227.65
2/2/2017,1.649608043,0.5,-0.715808594,1.655231616,79,227.77
2/3/2017,0.641585682,0.5,-0.896449705,1.865967159,78,229.35
2/6/2017,1.074286634,0.5,-1,1.741042389,75,228.97
2/7/2017,1.230444543,0.5,-1,1.749005096,74,228.96
2/8/2017,1.538196853,0.5,-0.810904576,1.689037968,73,229.24
2/9/2017,0.906597155,0.5,-1,1.893397791,100,230.57
2/10/2017,1.810900554,0.5,-0.453716658,1.678888881,99,231.49
2/13/2017,1.196263848,0.5,-0.977365364,1.771218947,96,232.6803
2/14/2017,1.094272799,0.5,-1,1.665634223,95,233.7097
2/15/2017,0.934013844,0.5,-1,1.780456035,94,234.89
2/16/2017,0.716722272,0.5,-1,1.727086403,93,234.74
2/17/2017,1.038512877,0.5,-1,1.759457442,92,235.04
2/21/2017,1.057361383,0.5,-0.921244023,1.831009337,88,236.44
2/22/2017,1.652421557,0.5,-0.672703245,1.710775258,87,236.29
2/23/2017,1.534198516,0.5,-0.753061954,1.805417385,86,236.44
2/24/2017,0.796310678,0.5,-1,1.989812818,85,236.77
2/27/2017,1.603482161,0.5,-0.63664956,1.75899072,82,237.09
2/28/2017,0.89963315,0.5,-1,2.049463833,81,236.5
3/1/2017,0.733454227,0.5,-0.820118567,2.071295107,80,239.7408
3/2/2017,1.636456129,0.5,-0.607417621,1.768432264,79,238.3
3/3/2017,1.162891751,0.5,-0.86177408,1.812102471,78,238.43
3/6/2017,0.901822135,0.5,-1,1.841634438,75,237.7892
3/7/2017,1.305050866,0.5,-0.797460411,1.74052575,74,237
3/8/2017,1.783297539,0.5,-0.681211651,1.679479954,73,236.59
3/9/2017,0.841810498,0.5,-0.983020906,2.114044829,100,236.83
3/10/2017,0.91862958,0.5,-0.867089132,1.932035042,99,237.66
3/13/2017,0.666880573,0.5,-1,1.982868899,96,237.8
3/14/2017,1.14762403,0.5,-0.877494632,1.937830013,95,236.94
3/15/2017,0.725445338,0.5,-1,1.976380175,94,238.88
3/16/2017,0.416818645,0.5,-0.460997014,2.113668055,93,238.49
3/17/2017,1.594064466,0.5,-0.66450619,1.743271767,92,237.1008
3/20/2017,1.837337643,0.5,-0.372538143,1.683386585,89,236.74
3/21/2017,1.004928354,0.5,-1,2.029496242,88,233.76
3/22/2017,1.546156677,0.5,-0.747928105,1.845865135,87,234.25
3/23/2017,1.552464081,0.5,-0.766313704,1.879967239,86,233.94
3/24/2017,1.625518831,0.5,-0.743976434,1.84069576,85,233.88
3/27/2017,1.638753856,0.5,-0.71092254,1.776491513,82,233.575
3/28/2017,1.126689977,0.5,-0.958421248,1.873479721,81,235.26
3/29/2017,1.20098418,0.5,-0.890867281,1.831282578,80,235.56
3/30/2017,1.792130483,0.5,-0.631446932,1.606252374,79,236.2692
3/31/2017,1.807371153,0.5,-0.532746876,1.581177718,78,235.68
4/3/2017,1.864055908,0.5,-0.583941007,1.646594187,75,235.37
4/4/2017,1.068269208,0.5,-0.956439482,1.797439208,74,235.52
4/5/2017,1.885491626,0.5,-0.569324847,1.685799108,73,234.76
4/6/2017,1.691676214,0.5,-0.631672934,1.694986666,86,235.37
4/7/2017,1.708224818,0.5,-0.757669123,1.715933156,85,235.17
4/10/2017,1.152018726,0.5,-1,1.938519266,82,235.29
4/11/2017,1.636065694,0.5,-0.797515563,1.863486039,81,235.03
4/12/2017,1.754194693,0.5,-0.804831395,1.860497576,80,234.1408
4/13/2017,1.749885444,0.5,-0.783059783,1.930252455,79,232.56
4/17/2017,1.860060508,0.5,-0.744065052,1.78967088,75,234.57
4/18/2017,1.974544973,0.5,-0.691087976,1.736883429,74,233.86
4/19/2017,1.813138807,0.5,-0.740908462,1.861998147,73,233.49
4/20/2017,1.717715706,0.5,-0.719726622,1.723719163,93,235.3
4/21/2017,1.806497154,0.5,-0.71878198,1.716692414,92,234.59
4/24/2017,1.73181915,0.5,-0.4877444,1.50928118,89,237.16
4/25/2017,1.925969127,0.5,-0.479068904,1.453776105,88,238.52
4/26/2017,1.876994095,0.5,-0.488603105,1.484975256,87,238.44
4/27/2017,1.850354336,0.5,-0.662872428,1.452892524,86,238.6001
4/28/2017,1.80196361,0.5,-0.684846939,1.486225273,85,238.12
5/1/2017,1.828831611,0.5,-0.645332641,1.490953608,82,238.63
5/2/2017,1.894585641,0.5,-0.556090567,1.503325597,81,238.76
5/3/2017,1.933777574,0.5,-0.634775619,1.505359596,80,238.52
5/4/2017,1.54053894,0.5,-0.678809007,1.49996109,79,238.74
5/5/2017,1.153835179,0.5,-0.852126992,1.576338048,78,239.68
5/8/2017,2.02336228,0.5,-0.614454604,1.396635672,75,239.67
5/9/2017,2.027729683,0.5,-0.582596028,1.416055568,74,239.44
5/10/2017,2.017827477,0.5,-0.646377071,1.431473584,73,239.86
5/11/2017,1.567444418,0.5,-0.737298928,1.61847596,100,239.4592
5/12/2017,1.604003555,0.5,-0.736542656,1.601018709,99,239.05
5/15/2017,1.468719679,0.5,-0.88695542,1.610121968,96,240.2297
5/16/2017,1.406596545,0.5,-0.765016687,1.604362973,95,240.09
5/17/2017,1.464490371,0.5,-0.968007879,1.907683206,94,235.9292
5/18/2017,1.150710817,0.5,-0.388709342,1.873452498,93,236.76
5/19/2017,1.623970856,0.5,-0.776758338,1.63800391,92,238.27
5/22/2017,1.039680433,0.5,-0.824161382,1.704588109,89,239.52
5/23/2017,1.048619529,0.5,-1,1.649716745,88,240.03
5/24/2017,1.763277211,0.5,-0.65424561,1.465113167,87,240.56
5/25/2017,1.474659099,0.5,-0.627045766,1.524846357,86,241.74
5/26/2017,1.039492581,0.5,-1,1.593757703,85,241.73
5/30/2017,1.914719306,0.5,-0.544533624,1.438224163,81,241.53
5/31/2017,1.80014721,0.5,-0.784755912,1.455687043,80,241.42
6/1/2017,1.491224709,0.5,-0.717157922,1.442031197,79,243.3
6/2/2017,1.885049659,0.5,-0.349261489,1.295880656,78,244.14
6/5/2017,1.779413203,0.5,-0.668813578,1.46434035,75,243.97
6/6/2017,2.090690799,0.5,-0.60817801,1.419791391,74,243.25
6/7/2017,1.48903352,0.5,-0.764131029,1.539562941,73,243.6692
6/8/2017,1.138497672,0.5,-0.066657137,1.823128223,100,243.73
6/9/2017,1.64080384,0.5,-0.688841763,1.577594968,99,243.5208
6/12/2017,2.344925107,0.5,-0.033172721,1.502156988,96,243.35
6/13/2017,1.747442431,0.5,0.065291373,1.615104402,95,244.48
6/14/2017,0.812953893,0.5,-1,1.614013064,94,244.26
6/15/2017,0.409025294,0.5,-1,1.784102049,93,243.7697
6/16/2017,0.901426194,0.5,-0.828400928,1.692879371,92,242.64
6/19/2017,1.147721935,0.5,-0.817069873,1.642891351,89,244.65
6/20/2017,1.808838887,0.5,-0.671219646,1.578884577,88,243.0592
6/21/2017,2.826930421,0.5,-0.481715706,1.2623196,87,242.94
6/22/2017,2.39120986,0.5,-0.490847822,1.358070292,86,242.83
6/23/2017,1.438289292,0.5,-0.600223697,1.619788115,85,243.16
6/26/2017,1.871118131,0.5,-0.707850939,1.461975914,82,243.26
6/27/2017,0.672822699,0.5,-1,1.896793968,81,241.37
6/28/2017,0.289308563,0.5,-1,1.854352165,80,243.47
6/29/2017,2.03372195,0.5,-0.495161324,1.525556609,79,241.39
6/30/2017,1.92144175,0.5,0.063258896,1.566667163,78,241.79
7/3/2017,0.212267282,0.5,-1,1.929358871,75,242.21
7/5/2017,0.283646505,0.5,-1,2.052634642,73,242.74
7/6/2017,1.732499594,0.5,-0.858277092,1.733946346,86,240.58
7/7/2017,1.832901029,0.5,-0.836698812,1.603802226,85,242.1
7/10/2017,1.894679299,0.5,-0.70051516,1.532317519,82,242.35
7/11/2017,1.951111902,0.5,-0.714726785,1.563491555,81,242.18
7/12/2017,1.990285611,0.5,-0.732907372,1.463000488,80,243.94
7/13/2017,0.492937173,0.5,-1,1.633448515,79,244.42
7/14/2017,2.014811875,0.5,-0.786706505,1.412732491,78,245.51
7/17/2017,2.066154789,0.5,-0.802006757,1.415229373,75,245.52
7/18/2017,2.438176302,0.5,-0.682677804,1.259524647,74,245.6697
7/19/2017,2.113621512,0.5,-0.759374269,1.378009998,73,246.96
7/20/2017,1.855035204,0.5,-0.640450926,1.408361812,93,247.04
7/21/2017,1.057535168,0.5,-1,1.562132056,92,246.83
7/24/2017,1.497447057,0.5,-0.777600754,1.460610345,89,246.79
7/25/2017,1.913163307,0.5,-0.711276799,1.366387685,88,247.37
7/26/2017,2.160002223,0.5,-0.509834747,1.305612773,87,247.42
7/27/2017,2.077811876,0.5,-0.632883515,1.352482757,86,247.2292
7/28/2017,1.898822666,0.5,-0.779151248,1.447338031,85,246.89
7/31/2017,0.88431974,0.5,-1,1.607275666,82,246.79
8/1/2017,1.795061462,0.5,-0.798147384,1.402688491,81,247.3
8/2/2017,0.791170897,0.5,-1,1.59759793,80,247.42
8/3/2017,1.928149404,0.5,-0.823842989,1.460220183,79,246.98
8/4/2017,1.53618514,0.5,-1,1.518335891,78,247.39
8/7/2017,1.457147261,0.5,-1,1.52399397,75,247.84
8/8/2017,1.406422131,0.5,-1,1.586196164,74,247.27
8/9/2017,1.746667034,0.5,-0.856298864,1.582395667,73,247.27
8/10/2017,1.691434437,0.5,-0.805179332,1.889479276,100,243.7599
8/11/2017,0.889162549,0.5,-1,2.111666262,99,244.11
8/14/2017,1.12297395,0.5,-0.985434676,1.80553493,96,246.5
8/15/2017,0.972461682,0.5,-0.996117318,1.728961809,95,246.53
8/16/2017,1.880834082,0.5,-0.814780348,1.561547883,94,246.96
8/17/2017,1.615798365,0.5,-0.891127895,1.913967676,93,243.14
8/18/2017,1.619831726,0.5,-0.915605925,1.933260757,92,242.71
8/21/2017,1.186432216,0.5,-1,1.904268928,89,242.92
8/22/2017,1.385378815,0.5,-0.821180881,1.620886214,88,245.38
8/23/2017,1.406476697,0.5,-0.863997858,1.774623384,87,244.5697
8/24/2017,1.764354597,0.5,-0.833254559,1.763072386,86,244.045
8/25/2017,1.482994161,0.5,-0.740889514,1.713320184,85,244.52
8/28/2017,1.539628832,0.5,-0.843356954,1.710296561,82,244.6
8/29/2017,1.765588265,0.5,-0.932748748,1.671998491,81,244.8597
8/30/2017,1.756386008,0.5,-0.833423332,1.649132142,80,246.01
8/31/2017,1.711411528,0.5,-0.756182133,1.618743859,79,247.29
9/1/2017,1.941069241,0.5,-0.595900857,1.489065775,78,247.9
9/5/2017,1.622432592,0.5,-0.885834545,1.760315626,74,246.13
9/6/2017,2.001549814,0.5,-0.831309781,1.638716615,73,246.89
9/7/2017,0.616530543,0.5,-1,1.976206994,100,246.8753
9/8/2017,1.49845543,0.5,-0.938433586,1.896583888,99,246.54
9/11/2017,1.12485112,0.5,-0.97780609,1.868116636,96,249.14
9/12/2017,0.584742557,0.5,-1,1.859556175,95,250.09
9/13/2017,0.736155591,0.5,-1,1.843520615,94,250.17
9/14/2017,0.007274058,0.5,-0.496234465,2.026005086,93,250.09
9/15/2017,1.191188904,0.5,-0.747080951,1.684851503,92,249.23
9/18/2017,0.762792375,0.5,-1,1.812831576,89,249.71
9/19/2017,0.839514185,0.5,-0.973032059,1.729282074,88,249.96
9/20/2017,1.977201332,0.5,-0.624413422,1.470485065,87,250.07
9/21/2017,1.657993915,0.5,-0.696596332,1.552523676,86,249.4
9/22/2017,1.19828352,0.5,-0.750102924,1.6520652,85,249.45
9/25/2017,1.668908281,0.5,-0.752258594,1.616693419,82,248.97
9/26/2017,1.714071797,0.5,-0.674186907,1.584848459,81,249.07
9/27/2017,0.774328577,0.5,-0.989566177,1.773765064,80,250.04
9/28/2017,0.937224873,0.5,-0.801762702,1.739690194,79,250.33
9/29/2017,1.369398674,0.5,-0.64779156,1.645453891,78,251.16
10/2/2017,1.506261544,0.5,-0.626412328,1.54607598,75,252.28
10/3/2017,0.089699987,0.5,-1,1.979339543,74,252.85
10/4/2017,1.405853813,0.5,-0.610644397,1.643127635,73,253.16
10/5/2017,1.928953189,0.5,-0.709917596,1.44937411,86,254.66
10/6/2017,1.960190567,0.5,-0.817993892,1.415342475,85,254.43
10/9/2017,1.996433964,0.5,-0.808780017,1.467629811,82,253.9692
10/10/2017,2.301088919,0.5,-0.691021633,1.321331068,81,254.57
10/11/2017,2.038766373,0.5,-0.763741228,1.384053552,80,254.98
10/12/2017,1.942849769,0.5,-0.812998599,1.432540183,79,254.61
10/13/2017,2.335283941,0.5,-0.390363461,1.273400857,78,254.88
10/16/2017,2.146141489,0.5,-0.738364992,1.326202815,75,255.3
10/17/2017,2.190175576,0.5,-0.706607681,1.312391651,74,255.43
10/18/2017,2.211715886,0.5,-0.710220608,1.281966413,73,255.69
10/19/2017,0.926069394,0.5,-0.872391015,1.646993529,93,255.8192
10/20/2017,0.790842081,0.5,-1,1.63350137,92,257.07
10/23/2017,1.98614586,0.5,-0.704994516,1.393328994,89,256.16
10/24/2017,2.053177783,0.5,-0.761158724,1.382366518,88,256.55
10/25/2017,1.988769344,0.5,-0.76261351,1.452358179,87,255.32
10/26/2017,1.920048578,0.5,-0.788067536,1.483628212,86,255.48
10/27/2017,1.921295566,0.5,-0.754500363,1.348469269,85,257.6895
10/30/2017,1.084867201,0.5,-1,1.641647144,82,256.8
10/31/2017,1.971483524,0.5,-0.666944341,1.387581319,81,257.12
11/1/2017,1.930705396,0.5,-0.59938027,1.399720641,80,257.5
11/2/2017,1.968543365,0.5,-0.703069082,1.439564859,79,257.62
11/3/2017,2.124308533,0.5,-0.364748822,1.313494041,78,258.45
11/6/2017,2.032282432,0.5,-0.625451863,1.355780873,75,258.81
11/7/2017,2.203929927,0.5,-0.354094694,1.375978808,74,258.7
11/8/2017,0.317964858,0.5,-1,2.002366528,73,259.11
11/9/2017,1.743238504,0.5,-0.722163139,1.612014908,100,258.1908
11/10/2017,0.821946592,0.5,-1,1.809396322,99,258.1
11/13/2017,1.686407386,0.5,-0.767007794,1.698406633,96,258.34
11/14/2017,1.891847697,0.5,-0.560658548,1.629286723,95,257.75
11/15/2017,1.672798597,0.5,-0.795422144,1.812977348,94,256.42
11/16/2017,1.875843772,0.5,-0.671157601,1.640377855,93,258.54
11/17/2017,1.728942537,0.5,-0.783534996,1.66044591,92,257.87
11/20/2017,1.655519484,0.5,-0.89345171,1.639429878,89,258.28
11/21/2017,1.665229429,0.5,-0.72032163,1.518724223,88,259.93
11/22/2017,1.692008809,0.5,-0.791359641,1.513224613,87,259.79
11/24/2017,1.812200431,0.5,-0.765027078,1.458238612,85,260.36
11/27/2017,1.92106306,0.5,-0.665962421,1.479051821,82,260.23
11/28/2017,1.926094707,0.5,-0.605233904,1.39031762,81,262.83
11/29/2017,1.959556898,0.5,-0.724212721,1.506484401,80,262.73
11/30/2017,2.098411716,0.5,-0.582436901,1.456325428,79,264.87
12/1/2017,1.256259367,0.5,-0.975060423,1.711245561,78,264.46
12/4/2017,2.109244193,0.5,-0.585825052,1.48468341,75,264.11
12/5/2017,0.956123866,0.5,-1,1.770149826,74,263.2
12/6/2017,2.136983581,0.5,-0.683175499,1.510082895,73,263.23
12/7/2017,1.546373096,0.5,-0.830208776,1.684616244,100,264.04
12/8/2017,0.623334274,0.5,-1,1.849140565,99,265.48
12/11/2017,1.826732878,0.5,-0.698523189,1.487336534,96,266.34
12/12/2017,1.270929493,0.5,-0.649994339,1.487824376,95,266.8
12/13/2017,1.211154704,0.5,-0.716810573,1.659921252,94,266.74
12/14/2017,1.05236602,0.5,-0.765564413,1.681418225,93,265.69
12/15/2017,1.286440166,0.5,-0.714811741,1.646824862,92,266.53
12/18/2017,1.082927715,0.5,-1,1.686683671,89,268.23
12/19/2017,1.157540009,0.5,-1,1.733321473,88,267.25
12/20/2017,1.937471167,0.5,-0.62597885,1.489902845,87,267.1
12/21/2017,0.821822063,0.5,-1,1.726763614,86,267.54
12/22/2017,1.92731299,0.5,-0.619799502,1.505553525,85,267.49
12/26/2017,1.866969938,0.5,-0.685899762,1.552966422,81,267.15
12/27/2017,1.137762053,0.5,-1,1.708852479,80,267.35
12/28/2017,1.955745095,0.5,-0.810376639,1.542147773,79,267.86
12/29/2017,1.271885297,0.5,-0.962609997,1.728725356,78,266.94
1/2/2018,1.379702898,0.5,-1,1.641744727,74,268.77
1/3/2018,1.275510732,0.5,-0.983712317,1.666702718,73,270.47
1/4/2018,1.929084709,0.5,-0.685547099,1.513802205,85,271.57
1/5/2018,1.041455595,0.5,-1,1.716480315,84,273.4
1/8/2018,1.929171474,0.5,-0.661914924,1.508000795,81,273.91
1/9/2018,2.080937235,0.5,-0.614479524,1.506976268,80,274.53
1/10/2018,2.027784023,0.5,-0.62590761,1.503148246,79,274.08
1/11/2018,2.14437497,0.5,-0.596951915,1.443928916,78,276.09
1/12/2018,2.135122553,0.5,-0.565469964,1.476770664,77,277.94
1/16/2018,1.994104998,0.5,-0.635449333,1.670025618,73,277.06
1/17/2018,1.833121164,0.5,-0.572730079,1.635272254,94,279.61
1/18/2018,2.078809473,0.5,-0.568000088,1.61978445,93,279.18
1/19/2018,1.812209794,0.5,-0.603585087,1.635289475,92,280.39
1/22/2018,1.805362599,0.5,-0.633058635,1.654719136,89,282.67
1/23/2018,1.840686202,0.5,-0.584842949,1.673994886,88,283.24
1/24/2018,2.033247016,0.5,-0.518033506,1.66512845,87,283.12
1/25/2018,1.831358352,0.5,-0.561239831,1.734532468,86,283.3
1/26/2018,1.834176816,0.5,-0.533974972,1.725998196,85,286.56
1/29/2018,1.793224105,0.5,-0.585285164,1.945745497,82,284.64
1/30/2018,1.822823441,0.5,-0.665252887,2.031990921,81,281.63
1/31/2018,1.82662321,0.5,-0.622188595,1.953392855,80,281.91
2/1/2018,1.776661063,0.5,-0.644927267,1.940871188,79,281.68
2/2/2018,1.733390723,0.5,-0.735222751,2.264538273,78,275.51
2/5/2018,1.920303367,0.5,-0.878245368,3.833617748,75,264.11
2/6/2018,2.344436354,0.5,-0.559332498,2.692170227,74,269.06
2/7/2018,2.34246788,0.5,-0.622366191,2.574133752,73,267.67
2/8/2018,1.647260851,0.5,-0.757048103,3.45115624,100,257.77
2/9/2018,1.46098695,0.5,-0.792895451,3.221343674,99,261.74
2/12/2018,1.788749187,0.5,-0.737750942,2.783487597,96,265.32
2/13/2018,1.799185464,0.5,-0.722632455,2.735767098,95,266.05
2/14/2018,1.545220897,0.5,-0.778138905,2.498606648,94,269.67
2/15/2018,2.665684113,0.5,-0.160087919,1.964370234,93,272.93
2/16/2018,1.774949679,0.5,-0.663235014,2.364666057,92,273.16
2/20/2018,1.855622801,0.5,-0.728254084,2.457381376,88,271.44
2/21/2018,1.743038778,0.5,-0.74771889,2.533584867,87,269.97
2/22/2018,1.364153407,0.5,-0.589231902,2.287610641,86,270.26
2/23/2018,1.952119247,0.5,-0.628027763,2.105877352,85,274.65
2/26/2018,1.482237418,0.5,-0.808682773,2.198578528,82,277.91
2/27/2018,1.984232371,0.5,-0.654159531,2.293880182,81,274.38
2/28/2018,1.117606818,0.5,-1,2.65985342,80,271.41
3/1/2018,1.32232475,0.5,-0.889054836,2.857614131,79,267.72
3/2/2018,1.802966832,0.5,-0.762882727,2.52474164,78,269.1
3/5/2018,1.962406899,0.5,-0.676967128,2.329868708,75,272.12
3/6/2018,2.011516209,0.5,-0.66216913,2.332789514,74,272.83
3/7/2018,1.92233771,0.5,-0.724369676,2.356002513,73,272.83
3/8/2018,1.136548011,0.5,-0.950102661,2.511225005,100,274.03
3/9/2018,1.075082983,0.5,-0.900530901,2.351138316,99,278.76
3/12/2018,1.55472698,0.5,-0.71960036,2.187548847,96,278.54
3/13/2018,0.68708534,0.5,-1,2.654092208,95,276.72
3/14/2018,1.695359974,0.5,-0.801190509,2.426302892,94,275.25
3/15/2018,0.025809613,0.5,-0.527763729,2.591668789,93,275.03
3/16/2018,4.616096395,0.5,0.332161421,0.565441485,92,274.22
3/19/2018,0.825954877,0.5,-1,2.787751794,89,270.61
3/20/2018,0.967404097,0.5,-1,2.63842375,88,270.93
3/21/2018,1.079427124,0.5,-1,2.681030191,87,270.4
3/22/2018,0.90930064,0.5,-0.993311928,3.017906361,86,263.71
3/23/2018,0.918101756,0.5,-1,3.23972184,85,258.015
3/26/2018,1.694057766,0.5,-0.715401563,2.761278111,82,265.14
3/27/2018,0.94315451,0.5,-1,3.10738148,81,260.76
3/28/2018,0.774457884,0.5,-1,3.217823425,80,259.85
3/29/2018,1.335292371,0.5,-0.778970342,2.851314669,79,263.43
4/2/2018,1.519504489,0.5,-0.729216593,3.133511474,75,257.52
4/3/2018,1.526484377,0.5,-0.736465625,2.942228589,74,260.73
4/4/2018,1.616085839,0.5,-0.74389769,2.821033754,73,263.78
4/5/2018,1.46714169,0.5,-0.810979932,2.683959955,86,265.59
4/6/2018,1.480102906,0.5,-0.777163982,2.926916425,85,259.7
4/9/2018,1.569149627,0.5,-0.698960976,2.939811398,82,260.83
4/10/2018,1.476025963,0.5,-0.785823526,2.818678917,81,265.09
4/11/2018,1.615424805,0.5,-0.714153562,2.768188589,80,263.71
4/12/2018,1.869657346,0.5,-0.445244114,2.505135834,79,265.9003
4/13/2018,1.543587153,0.5,-0.74717429,2.519707845,78,265.11
4/16/2018,1.747950511,0.5,-0.677814578,2.333725012,75,267.37
4/17/2018,1.884394879,0.5,-0.614275546,2.136461701,74,270.13
4/18/2018,1.933393543,0.5,-0.708331119,2.103908793,73,270.37
4/19/2018,1.65225601,0.5,-0.718297482,2.211492768,93,268.87
4/20/2018,1.691119229,0.5,-0.709453824,2.281422604,92,266.66
4/23/2018,1.0853516,0.5,-0.987891213,2.436657686,89,266.57
4/24/2018,1.233172345,0.5,-0.810291427,2.486219217,88,263.04
4/25/2018,1.536339948,0.5,-0.70297438,2.321934474,87,263.63
4/26/2018,1.615992117,0.5,-0.744204021,2.298245221,86,266.24
4/27/2018,1.548454295,0.5,-0.773172043,2.26416333,85,266.58
4/30/2018,0.400219604,0.5,-1,2.55205725,82,264.53
5/1/2018,0.244983187,0.5,-1,2.47640022,81,264.96
5/2/2018,1.363864216,0.5,-0.869854289,2.415517043,80,263.17
5/3/2018,1.009479679,0.5,-0.992000221,2.555184921,79,262.59
5/4/2018,0.910990233,0.5,-0.874273648,2.341180863,78,265.92
5/7/2018,0.297754026,0.5,-1,2.432133053,75,266.92
5/8/2018,0.162439296,0.5,-1,2.440720458,74,266.89
5/9/2018,1.020061357,0.5,-1,2.178791795,73,269.47
5/10/2018,1.978600854,0.5,-0.438416842,1.876177189,100,272
5/11/2018,1.606123376,0.5,-0.692552162,1.955776606,99,272.64
5/14/2018,1.683530737,0.5,-0.538134411,1.807115931,96,272.95
5/15/2018,1.756483145,0.5,-0.673343458,1.905652046,95,271.03
5/16/2018,1.804430598,0.5,-0.723528224,1.885321781,94,272.15
5/17/2018,1.748903342,0.5,-0.67857732,1.899069108,93,272.01
5/18/2018,1.766473445,0.5,-0.709739255,1.899544901,92,271.34
5/21/2018,1.938571845,0.5,-0.698967632,1.718078775,89,273.36
5/22/2018,1.680764758,0.5,-0.6848375,1.77056109,88,272.58
5/23/2018,1.668001788,0.5,-0.618002329,1.689966802,87,273.37
5/24/2018,0.125364837,0.5,-1,2.133312074,86,272.84
5/25/2018,1.817521338,0.5,-0.800303827,1.854418045,85,272.21
5/29/2018,1.949933142,0.5,-0.666798525,2.001276348,81,269.12
5/30/2018,1.953720061,0.5,-0.68857085,1.904462204,80,272.59
5/31/2018,1.987437408,0.5,-0.780865652,1.983220769,79,270.81
6/1/2018,2.075031849,0.5,-0.741040384,1.79447611,78,273.61
6/4/2018,2.198190821,0.5,-0.607485829,1.714091593,75,274.89
6/5/2018,2.102136939,0.5,-0.737028195,1.754407569,74,275.19
6/6/2018,2.164256002,0.5,-0.747592589,1.621107301,73,277.43
6/7/2018,1.833446759,0.5,-0.694219856,1.795309199,107,277.37
6/8/2018,1.616294525,0.5,-0.802613375,1.873998021,106,278.22
6/11/2018,1.624764889,0.5,-0.730067012,1.871165918,103,278.58
6/12/2018,1.695052179,0.5,-0.647648643,1.822272275,102,278.97
6/13/2018,1.739326877,0.5,-0.565092562,1.855713217,101,278.01
6/14/2018,1.734197602,0.5,-0.629850047,1.813124679,100,278.68
6/15/2018,3.40780313,0.5,-0.261341884,1.084672493,99,277.03
6/18/2018,0.007003334,0.5,-0.356922166,2.25784217,96,276.59
6/19/2018,1.874978033,0.5,-0.619669631,1.913319197,95,275.48
6/20/2018,1.82398182,0.5,-0.641527624,1.875091992,94,276.01
6/21/2018,0.44510223,0.5,-1,2.316432237,93,274.24
6/22/2018,1.902842235,0.5,-0.605706375,1.888993792,92,274.76
6/25/2018,1.78890176,0.5,-0.563754605,2.251015779,89,271.07
6/26/2018,2.60412208,0.5,-0.5176638,1.856119134,88,271.58
6/27/2018,2.94010524,0.5,-0.366226439,1.775057478,87,269.8
6/28/2018,1.7353316,0.5,-0.802982696,2.317951101,86,270.91
6/29/2018,1.71971887,0.5,-0.795516677,2.230148702,85,271.34
7/2/2018,1.624467374,0.5,-0.827530789,2.249569621,82,271.84
7/3/2018,1.745685607,0.5,-0.843644104,2.273018506,81,270.9
7/5/2018,1.845982879,0.5,-0.780227078,2.111830972,79,273.02
7/6/2018,1.953325651,0.5,-0.682594142,1.954735423,78,275.36
7/9/2018,2.7704751,0.5,-0.472102967,1.507036317,75,277.9
7/10/2018,0.940870653,0.5,-1,2.110619496,74,278.81
7/11/2018,2.083563336,0.5,-0.659730015,1.871882487,73,276.91
7/12/2018,2.029651455,0.5,-0.785557611,1.820845525,79,279.29
7/13/2018,2.120204381,0.5,-0.713679644,1.654110473,78,279.56
7/16/2018,2.233328906,0.5,-0.66017262,1.686710374,75,279.39
7/17/2018,2.48283079,0.5,-0.640140635,1.549053749,74,280.43
7/18/2018,2.34060563,0.5,-0.664786466,1.593156652,73,281.06
7/19/2018,2.000088032,0.5,-0.642239899,1.768895116,93,279.96
7/20/2018,1.836418548,0.5,-0.727066653,1.848106148,92,279.72
7/23/2018,2.039135906,0.5,-0.738148187,1.783377648,89,280.24
7/24/2018,0.832567628,0.5,-1,2.030351939,88,281.55
7/25/2018,2.010139957,0.5,-0.68691373,1.683568893,87,284.14
7/26/2018,2.018152423,0.5,-0.596876168,1.711677219,86,283.3
7/27/2018,2.005009507,0.5,-0.705899868,1.767860284,85,281.46
7/30/2018,2.024908173,0.5,-0.705823675,1.856522006,82,279.9
7/31/2018,2.397400094,0.5,-0.418702743,1.602802232,81,281.19
8/1/2018,2.631483342,0.5,-0.154483205,1.562121117,80,280.89
8/2/2018,2.153656949,0.5,-0.688052967,1.670027527,79,282.36
8/3/2018,0.068491423,0.5,-1,2.205280847,78,283.62
8/6/2018,2.168038269,0.5,-0.299847544,1.576267169,75,284.66
8/7/2018,2.658256565,0.5,-0.153111481,1.407966423,74,285.58
8/8/2018,2.286167243,0.5,-0.543727307,1.557783413,73,285.44
8/9/2018,1.63790847,0.5,-0.852154511,1.909137645,100,285.09
8/10/2018,1.673403294,0.5,-0.885327339,1.96346747,99,283.16
8/13/2018,1.799280767,0.5,-0.719550913,2.001029084,96,282.08
8/14/2018,1.764843227,0.5,-0.767347779,1.919958422,95,283.82
8/15/2018,1.783118659,0.5,-0.752680058,2.027751411,94,281.75
8/16/2018,0.103148002,0.5,-1,2.501462432,93,284.08
8/17/2018,1.913356884,0.5,-0.801971195,1.871100287,92,285.02
8/20/2018,0.161834088,0.5,-1,2.411327301,89,285.68
8/21/2018,0.461462824,0.5,-1,2.174291779,88,286.27
8/22/2018,1.854855815,0.5,-0.7095498,1.77863182,87,286.21
8/23/2018,1.845719697,0.5,-0.810770519,1.900422876,86,285.79
8/24/2018,1.944824982,0.5,-0.730149413,1.81773277,85,287.52
8/27/2018,2.095668674,0.5,-0.638359322,1.753183772,82,289.73
8/28/2018,2.100267402,0.5,-0.636285373,1.783201765,81,289.8395
8/29/2018,0.656530568,0.5,-1,2.090993247,80,291.45
8/30/2018,2.611973774,0.5,-0.377391442,1.634425955,79,290.32
8/31/2018,2.077797556,0.5,-0.609382471,1.787391137,78,290.27
9/4/2018,3.009816439,0.5,-0.286518991,1.495351784,74,289.84
9/5/2018,2.087214529,0.5,-0.66905947,1.893282625,73,289.07
9/6/2018,1.67500777,0.5,-0.79441201,2.150349903,107,288.16
9/7/2018,1.686251435,0.5,-0.792126592,2.220998418,106,287.53
9/10/2018,1.782742461,0.5,-0.634443112,2.067740597,103,288.09
9/11/2018,1.127934903,0.5,-0.832328485,2.127314584,102,289.13
9/12/2018,1.040908746,0.5,-1,2.16634003,101,289.18
9/13/2018,1.745032767,0.5,-0.746928228,1.921774807,100,290.8
9/14/2018,1.270716539,0.5,-0.832605989,1.94102833,99,290.92
9/17/2018,0.549451284,0.5,-1,2.071881744,96,289.4
9/18/2018,1.160535372,0.5,-0.782998477,2.020622483,95,290.92
9/19/2018,1.931635933,0.5,-0.627958187,1.810334694,94,291.25
9/20/2018,0.79692098,0.5,-0.505521406,0.77278183,93,293.53
9/21/2018,0.853119767,0.5,-1,2.442674579,92,292.04
9/24/2018,5.862206767,0.5,0.358784439,0.173661358,89,291.08
9/25/2018,0.170210337,0.5,-0.533740768,2.539181967,88,290.7
9/26/2018,1.847939316,0.5,-0.682856701,1.975556292,87,289.805
9/27/2018,1.901853989,0.5,-0.675586298,1.9027912,86,290.68
9/28/2018,1.900816387,0.5,-0.678616957,1.90088799,85,290.57
10/1/2018,1.952962094,0.5,-0.659750276,1.890376953,82,291.7
10/2/2018,1.918749896,0.5,-0.670191258,1.903904688,81,291.61
10/3/2018,1.871063161,0.5,-0.673455239,1.918612479,80,291.76
10/4/2018,1.88268531,0.5,-0.738857824,2.09330967,79,289.53
10/5/2018,3.924837439,0.5,-0.093579845,0.980848988,78,287.81
10/8/2018,4.353391974,0.5,-0.29396124,1.013372635,75,287.8
10/9/2018,0.026266585,0.5,-1,2.850471542,74,287.48
10/10/2018,0.157641977,0.5,-1,3.149690194,73,278.27
10/11/2018,1.531170774,0.5,-0.752839661,3.014036753,82,272.54
10/12/2018,1.434883894,0.5,-0.855478598,2.723592752,81,276.01
10/15/2018,1.79664146,0.5,-0.773870115,2.672564294,78,274.49
10/16/2018,1.727777932,0.5,-0.759237455,2.415405088,77,280.24
10/17/2018,1.863387214,0.5,-0.746358551,2.394195511,76,280.42
10/18/2018,1.811355357,0.5,-0.703023756,2.634216783,75,276.39
10/19/2018,1.791338994,0.5,-0.707675234,2.672876044,74,276.1797
10/22/2018,0.946297961,0.5,-1,2.84160552,89,275.03
10/23/2018,1.453013051,0.5,-0.755642869,2.786591726,88,273.52
10/24/2018,1.568799096,0.5,-0.642249367,2.931038127,87,265.21
10/25/2018,1.627153876,0.5,-0.655639693,2.948484056,86,270.01
10/26/2018,1.0800022,0.5,-0.821776964,3.280609455,85,265.22
10/29/2018,1.540379641,0.5,-0.684869166,3.177733294,82,263.69
10/30/2018,1.321371105,0.5,-0.772583992,3.135740653,81,267.88
10/31/2018,0.84010109,0.5,-1,3.115479356,80,270.69
11/1/2018,1.218328048,0.5,-0.743261206,2.89186265,79,273.37
11/2/2018,0.708797991,0.5,-1,3.091734909,78,271.8
11/5/2018,1.534133662,0.5,-0.732638802,2.855529,75,273.47
11/6/2018,1.132153307,0.5,-0.967555351,2.768956683,74,275.11
11/7/2018,2.076504463,0.5,-0.454506434,2.054449496,73,281
11/8/2018,1.471268919,0.5,-0.678146209,2.416372804,100,280.48
11/9/2018,1.56941518,0.5,-0.699818737,2.507404245,99,277.82
11/12/2018,1.298963919,0.5,-0.895072468,2.82475275,96,272.4795
11/13/2018,1.312926686,0.5,-1,2.886562677,95,272.04
11/14/2018,1.365476268,0.5,-0.850262885,2.951578901,94,270.15
11/15/2018,1.364550489,0.5,-0.89981923,2.880064396,93,273.01
11/16/2018,1.326243605,0.5,-0.922110388,2.758603905,92,273.73
11/19/2018,1.261945523,0.5,-0.884055955,3.001781217,89,269.12
11/20/2018,1.245701989,0.5,-0.892720362,3.203171403,88,264.15
11/21/2018,1.514711107,0.5,-0.765337705,2.971584598,87,265.03
11/23/2018,1.299138883,0.5,-0.875955055,3.087607857,85,263.25
11/26/2018,1.326745035,0.5,-0.774648456,2.823023759,82,267.43
11/27/2018,1.304054973,0.5,-0.801796836,2.829644909,81,268.29
11/28/2018,1.382233831,0.5,-0.750672239,2.723402111,80,274.36
11/29/2018,1.418727609,0.5,-0.736057388,2.78415041,79,273.95
11/30/2018,0.59515302,0.5,-1,2.85975151,78,275.685
12/3/2018,1.508619223,0.5,-0.836539009,2.499513417,75,279.26
12/4/2018,1.436348758,0.5,-0.855457829,2.973894926,74,270.39
12/6/2018,0.722426325,0.5,-1,2.977533346,100,269.77
12/7/2018,1.028320118,0.5,-0.911171947,3.129390054,99,263.66
12/10/2018,0.832429489,0.5,-0.878581884,3.034047876,96,264.07
12/11/2018,1.014548535,0.5,-1,3.254076439,95,264.11
12/12/2018,1.072122018,0.5,-1,3.214822813,94,265.53
12/13/2018,1.258868024,0.5,-0.892097443,3.159391228,93,265.38
12/14/2018,1.201398974,0.5,-0.664764118,3.272864771,92,260.57
12/17/2018,1.115761498,0.5,-0.71969869,3.473517299,89,255.17
12/18/2018,0.411854673,0.5,-1,3.556668626,88,255.11
12/19/2018,0.377429115,0.5,-1,3.519757479,87,251.04
12/20/2018,1.08752492,0.5,-0.69490019,3.531786276,86,247.11
12/21/2018,0.952888661,0.5,-0.632630149,3.744118966,85,240.61
12/24/2018,0.877989875,0.5,-0.713441312,4.138261832,82,234.34
12/26/2018,0.522299709,0.5,-0.908891205,3.768228688,80,245.9095
12/27/2018,1.626559767,0.5,-0.463817992,3.462564739,79,248.21
12/28/2018,2.74318885,0.5,-0.346278916,2.675607497,78,247.73
12/31/2018,0.334084647,0.5,-0.949307944,3.672670621,75,250.08
