,Close
0,1836.14
1,1815.12
2,1856.62
3,1932.28
4,1963.63
5,1927.22
6,1876.14
7,1963.16
8,1992.1
9,1955.74
10,1936.92
11,1995.53
12,2075.54
13,2105.99
14,2145.69
15,2098.18
16,2164.51
17,2222.41
18,2197.19
19,2052.91
20,2051.66
21,1954.97
22,1906.03
23,1954.15
24,2001.37
25,2023.18
26,2003.32
27,2082.4
28,2108.63
29,2174
30,2235.45
31,2232.98
32,2242.76
33,2030.36
34,2096.23
35,2039.68
36,2069.07
37,2019.73
38,2076.87
39,2129.48
40,2150.15
41,2144.22
42,2140.53
43,2149.97
44,2100.56
45,2138.05
46,2107.63
47,2176.15
48,2175.13
49,2192.93
50,2208.47
51,2200.04
52,2230
53,2237.22
54,2277.97
55,2301.48
56,2288.26
57,2342.53
58,2362.98
59,2372.66
60,2392.64
61,2390.64
62,2442.93
63,2473.76
64,2508.47
65,2535.1
66,2517.79
67,2585.34
68,2577.01
69,2558.52
70,2452.55
71,2547.5
72,2651.43
73,2659.21
74,2679.08
75,2702.13
76,2681.3
77,2757.83
78,2831.26
79,2860.31
80,2885.72
81,2867.97
82,2885.51
83,2770.66
84,2828.53
85,2872.79
86,2854.32
87,2864.7
88,2882.66
89,2919.94
90,2906.82
91,2942.51
92,2998.86
93,3050.44
94,2857
95,2940.37
96,2906.59
97,2695.76
98,2778.66
99,2781.32
100,2856.54
101,2856.02
102,2918.3
103,2982.9
104,3045.94
105,3010.16
106,3035.78
107,3133.53
108,3132.3
109,3059.16
110,3109.91
111,3037.51
112,2942.29
113,2966.24
114,3057.34
115,2969.49
116,2915.88
117,2910.89
118,2955.21
119,2877.8
120,2745.97
121,2860.74
122,2939.1
123,2936.94
124,2937.6
125,2969.57
126,2970.34
127,2878.36
128,2956.5
129,2978.9
130,2972.5
131,3102.79
132,3225.64
133,3226.96
134,3304.75
135,3315.02
136,3293.38
137,3359.71
138,3391.86
139,3281.34
140,3362.46
141,3520.14
142,3595.03
143,3612.7
144,3596.28
145,3704.58
146,3707.92
147,3740.57
148,3787.11
149,3799.24
150,3698.95
151,3606.53
152,3831.05
153,3903.66
154,3949.83
155,4013.34
156,4104.66
157,4134.69
158,4147.86
159,4080.08
160,4111.29
161,4150.17
162,4240.64
163,4166.85
164,4147.75
165,4204.8
166,4111.93
167,4172.81
168,3992.03
169,4035.72
170,4143.11
171,4165.57
172,4237.92
173,4204.7
174,4161.59
175,4222.42
176,4197.04
177,4231.75
178,4193.06
179,4140.32
180,4189.12
181,4307.42
182,4401.28
183,4425.7
184,4445.96
185,4577.88
186,4578.69
187,4694.31
188,4731.83
189,4684.11
190,4508.66
191,4494.56
192,4390.27
193,4475.44
194,4550.56
195,4364.12
196,4429.98
197,4527.12
198,4592.33
199,4627.78
200,4607.22
201,4543.16
202,4410.97
203,4344.89
204,4383.63
205,4154.97
206,4139.57
207,4107.34
208,4071.3
209,4247.16
210,4201.79
211,4133.35
212,4086.38
213,4136.08
214,4064.78
215,3895.95
216,3961.37
217,3910.46
218,3829.73
219,3784.28
220,3975.71
221,3880.34
222,3910.13
223,3963.19
224,4070.82
225,4070.16
226,4122.06
227,4165.86
228,4159.43
229,4083.59
230,3948.74
231,4008.88
232,3876.14
233,3849.15
234,3953.05
235,4040.04
236,4081.01
237,4172.44
238,4162.08
239,4175.56
240,4258.55
241,4226.76
242,4219.69
243,4230.42
244,4282.69
245,4330.27
246,4358.1
247,4405.92
248,4431.46
249,4481.49
250,4499.14
251,4440.82
252,4274.02
253,4178.71
254,4195.95
255,3975.71
256,3679.01
257,3822.82
258,3818.33
259,3875.58
260,3597.26
261,3611.98
262,3541.08
263,3497.92
264,3500.05
265,3796.13
266,3766.16
267,3660.16
268,3706.97
269,3646.18
270,3709.07
271,3787.03
272,3676.47
273,3620.85
274,3466.2
275,3331.99
276,3363.7
277,3459.78
278,3435.45
279,3470.6
280,3539.43
281,3424.79
282,3380.65
283,3445.75
284,3395.61
285,3256.44
286,3264.57
287,3164.78
288,3111.84
289,3084.45
290,2984.06
291,2869.61
292,2945.23
293,3011.78
294,3021.58
295,2869.28
296,2884.62
297,2896.69
298,2760.45
299,2910.51
300,2823.97
301,2713.49
302,2744.65
303,2828.63
304,2954.23
305,2969.61
306,2803.15
307,2840.55
308,2865.45
309,2685.01
310,2715.74
311,2654.9
312,2588.76
313,2511.36
314,2545.52
315,2595.69
316,2718.25
317,2981.19
318,2984.96
319,2918.61
320,2960.89
321,3125.53
322,3169.08
323,3128.81
324,2979.82
325,3037.5
326,2978.19
327,2991.32
328,2924.96
329,3027.38
330,3005.65
331,3009.21
332,2978.66
333,2835.82
334,2892.09
335,2841.15
336,2838.05
337,2745.09
338,2754.12
339,2836.26
340,2765.95
341,2800.79
342,2814.3
343,2804.07
344,2736.83
345,2722.41
346,2701.79
347,2480.76
348,2446.78
349,2387.76
350,2322.79
351,2323.69
352,2262.28
353,2368.71
354,2201.34
355,2273.71
356,2220.08
357,2256.12
358,2334.4
359,2326.9
360,2206.32
361,2175.61
362,2081.05
363,2062.93
364,2088.97
365,2077.23
366,2190.3
367,2193.21
368,2289.68
369,2259.26
370,2245.46
371,2259.16
372,2157.91
373,2088.78
374,2073.33
375,2158.7
376,2228.45
377,2217.83
378,2213.15
379,2299.57
380,2265.68
381,2278.23
382,2232.79
383,2219.24
384,2164.08
385,2205.68
386,2155.89
387,2120.51
388,2150
389,2143.8
390,2056.92
391,1975.52
392,1961.23
393,1949.36
394,1941.24
395,1957.47
396,1860
397,1889.1
398,2042.94
399,1975.89
400,1948.07
401,1954.85
402,1919.98
403,1921.88
404,1938.76
405,1975.45
406,1905.9
407,1882.18
408,1849.17
409,1845.87
410,1796.96
411,1770.37
412,1780.73
413,1781.78
414,1709.8
415,1711.96
416,1615.58
417,1532.96
418,1508.52
419,1650.54
420,1780.38
421,1726.13
422,1736.12
423,1808.81
424,1811.34
425,1712.71
426,1678.27
427,1600.5
428,1587.04
429,1528.13
430,1613.84
431,1564.73
432,1548.52
433,1473.25
434,1480.16
435,1531.69
436,1514.13
437,1470.92
438,1459.2
439,1408.13
440,1305.7
441,1353.69
442,1316.98
443,1358.89
444,1327.7
445,1323.89
446,1313.02
447,1370.76
448,1332.71
449,1363.46
450,1469.62
451,1443.21
452,1457.43
453,1509.89
454,1550.46
455,1572.9
456,1459.11
457,1543.77
458,1511.8
459,1501.09
460,1435.64
461,1435.36
462,1440.64
463,1455.74
464,1411.16
465,1424.86
466,1419.48
467,1486.89
468,1521.6
469,1538.47
470,1602.75
471,1554.51
472,1607.49
473,1567.02
474,1499.29
475,1508.71
476,1512.08
477,1510.35
478,1552.75
479,1554.11
480,1522.44
481,1451.76
482,1428.89
483,1415.83
484,1416.83
485,1407.63
486,1390.4
487,1384.91
488,1436.88
489,1482.28
490,1468.46
491,1430.09
492,1447.14
493,1441.73
494,1414.08
495,1476.71
496,1469.2
497,1502
498,1529.58
499,1539.37
500,1536.76
501,1547.59
502,1538.27
503,1541.68
504,1580.29
505,1631.74
506,1629.47
507,1689
508,1716.51
509,1723.55
510,1728.94
511,1699.35
512,1755.57
513,1817.06
514,1763.94
515,1675.86
516,1675.77
517,1695.26
518,1733.42
519,1640.57
520,1662.26
521,1605.61
522,1592.01
523,1592.61
524,1563.97
525,1671.57
526,1694.65
527,1676.79
528,1620.13
529,1648.15
530,1634.08
531,1628.34
532,1626.02
533,1656.18
534,1705.51
535,1702.3
536,1733.8
537,1726.21
538,1767.05
539,1776.12
540,1747.42
541,1811.87
542,1825.63
543,1817.41
544,1830.28
545,1852.02
546,1878.4
547,1892.73
548,1894.12
549,1816.33
550,1847.16
551,1895.16
552,1939.56
553,1949.02
554,1943.35
555,1943.21
556,1920.31
557,1956.78
558,1930.57
559,1874.75
560,1876.42
561,1860.75
562,1827.47
563,1826.14
564,1901.07
565,1895.7
566,1957.94
567,1960.98
568,1980.2
569,1991.17
570,2022.95
571,2000.78
572,2035.98
573,2053.8
574,2021.56
575,2022.3
576,2029.06
577,2050.05
578,2019.41
579,1972.47
580,1967.66
581,1970.98
582,1945.5
583,1991.29
584,2076.88
585,2074.76
586,2149.58
587,2174.01
588,2160.42
589,2186.47
590,2197.14
591,2212.19
592,2196.73
593,2156.53
594,2217.38
595,2207.62
596,2236.08
597,2283.53
598,2309.22
599,2320.75
600,2331.51
601,2336.08
602,2335.92
603,2344.4
604,2391.07
605,2380.9
606,2440.9
607,2481.07
608,2508.28
609,2549.49
610,2516.99
611,2502.15
612,2531.98
613,2519.07
614,2467.49
615,2548.77
616,2576.78
617,2598.07
618,2604.35
619,2652.03
620,2622.71
621,2677.15
622,2717.23
623,2743.03
624,2805.04
625,2799.31
626,2671.59
627,2754.19
628,2816.89
629,2837.74
630,2810.26
631,2761.96
632,2698.26
633,2634.49
634,2611.99
635,2614.85
636,2493.48
637,2528.64
638,2463.52
639,2331.72
640,2342.81
641,2230.72
642,2333.49
643,2367.57
644,2368.05
645,2259.55
646,2292.49
647,2276.01
648,2193.52
649,2046.59
650,2076.68
651,2123.51
652,2230.52
653,2237.49
654,2253.8
655,2294.89
656,2305
657,2284.07
658,2356.98
659,2384.62
660,2385.33
661,2336.61
662,2383.03
663,2296.32
664,2290.26
665,2233.08
666,2199.09
667,2234.7
668,2226
669,2162.15
670,2177.43
671,2198.41
672,2308.68
673,2293.82
674,2331.64
675,2352.24
676,2363.6
677,2358.97
678,2413.01
679,2455.18
680,2450.46
681,2428.97
682,2481.54
683,2484.52
684,2413.22
685,2409.32
686,2349.01
687,2376.03
688,2461.62
689,2487.73
690,2502.45
691,2505.14
692,2512.42
693,2518.99
694,2520.57
695,2511.68
696,2508.5
697,2523.99
698,2601.51
699,2605.81
700,2605.84
701,2602.84
702,2583.01
703,2594.04
704,2523.28
705,2566.21
706,2459.2
707,2388.94
708,2467.48
709,2491.9
710,2513.32
711,2497.27
712,2587.15
713,2594.97
714,2552.67
715,2495.03
716,2509.75
717,2507.2
718,2553.81
719,2524.86
720,2512.58
721,2464.8
722,2424.68
723,2413.07
724,2357.27
725,2370.08
726,2430.36
727,2406.6
728,2446.22
729,2471.36
730,2541.8
731,2553.8
732,2514.65
733,2543.99
734,2514.01
735,2463.76
736,2466.16
737,2478.81
738,2508.04
739,2399.64
740,2422.77
741,2427.81
742,2421.19
743,2432.71
744,2359.49
745,2377.75
746,2380.05
747,2353.47
748,2311.45
749,2264.61
750,2252.61
751,2243.99
752,2208.94
753,2214.03
754,2277.8
755,2261.36
756,2219.6
757,2211.14
758,2229.04
759,2259.99
760,2265.14
761,2284.39
762,2269.05
763,2227.95
764,2251.7
765,2282.64
766,2274.32
767,2311.07
768,2302.18
769,2311.84
770,2261.93
771,2267.94
772,2284.68
773,2302.39
774,2292.5
775,2300.04
776,2274.53
777,2240.73
778,2261.51
779,2307.08
780,2294.95
781,2310.55
782,2316.63
783,2292
784,2291.83
785,2259.14
786,2292.67
787,2363.98
788,2368.51
789,2350.82
790,2376.6
791,2379.19
792,2378.57
793,2362.28
794,2325.67
795,2345.75
796,2317.38
797,2364.84
798,2366.61
799,2366.57
800,2329.12
801,2210.82
802,2204.81
803,2238.5
804,2196.22
805,2185.16
806,2170.32
807,2131.84
808,2126.53
809,2124.39
810,2149.45
811,2109.81
812,2110.05
813,2007.01
814,1980.17
815,2007.52
816,1967.66
817,2001.13
818,2041.56
819,2019.73
820,1927.69
821,1968.37
822,1956.22
823,1925.24
824,1943.43
825,2007.76
826,1958.46
827,1957.94
828,1982.95
829,1973.62
830,1926.11
831,1911.43
832,1907.9
833,1895.15
834,1894.45
835,1853.36
836,1845.13
837,1906.9
838,1873.82
839,1883.2
840,1882.13
841,1870.87
842,1933.62
843,1930
844,1913.63
845,1914.65
846,1915.91
847,1910.47
848,1833.04
849,1819.11
850,1799.88
851,1812.58
852,1797.66
853,1826.39
854,1829.56
855,1828.13
856,1870.3
857,1887.67
858,1859.15
859,1873.04
860,1840.67
861,1839.22
862,1878.53
863,1909.96
864,1914.33
865,1933.88
866,1945.45
867,1951.87
868,1936.07
869,1983.63
870,1993.87
871,1986.76
872,2015.65
873,1978.41
874,1981.53
875,1954.34
876,1979.23
877,1988.02
878,1934.59
879,1939.84
880,1914.45
881,1930.67
882,1971.3
883,1979.79
884,1974.66
885,1994.16
886,1967.06
887,1962.78
888,1960.06
889,1915
890,1914.64
891,1917.58
892,1942.56
893,1923.91
894,1917.33
895,1935.92
896,1929.19
897,1975.68
898,1973.14
899,1956.33
900,1918.29
901,1915.64
902,1922.14
903,1925.01
904,1893.03
905,1858.45
906,1857.31
907,1860.85
908,1864.41
909,1881.55
910,1863.88
911,1868.75
912,1913.11
913,1990.01
914,2066.95
915,2091.78
916,2125.61
917,2160.84
918,2254.39
919,2241.72
920,2278.35
921,2285.21
922,2245.25
923,2231.06
924,2294.45
925,2272.21
926,2225.37
927,2224.24
928,2189.48
929,2238.47
930,2231.7
931,2226.47
932,2254.76
933,2279
934,2289.96
935,2257.35
936,2226.16
937,2252.28
938,2130.58
939,2126.7
940,2032.5
941,2013.61
942,2037.46
943,2039.44
944,2019.67
945,1981.26
946,2014.16
947,2041.34
948,2018.4
949,2011.9
950,1979.89
951,1984.31
952,1998.15
953,2008.12
954,2032.03
955,2046.72
956,2018.46
957,1996.38
958,2021.65
959,2074.33
960,2069.92
961,2054.02
962,2036.55
963,2032.14
964,1999.52
965,2049.22
966,2021.98
967,2017.66
968,2013.25
969,1977.69
970,1950.33
971,1953.33
972,1946.51
973,1977.37
974,2015.11
975,1999.22
976,1984.28
977,2006.37
978,1975.74
979,1999.76
980,2017.15
981,2014.17
982,1982.62
983,1918.42
984,1923.69
985,1953.35
986,1895
987,1925.84
988,1911.75
989,1911.31
990,1926.04
991,1949.37
992,1945.14
993,1964.11
994,1968.69
995,1943
996,1975.98
997,1976.47
998,2047.69
999,2042.64
1000,2051.49
1001,2046.98
1002,2030.32
1003,2046.08
1004,1991.01
1005,1995.68
1006,2002.83
1007,2006.66
1008,2021.85
1009,2035.37
1010,2040.89
1011,2051.65
1012,2080.14
1013,2123.28
1014,2123.78
1015,2120.21
1016,2071.72
1017,2049.11
1018,2053.52
1019,2018.39
1020,2048.93
1021,2023.05
1022,2034.48
1023,2036.23
1024,2054.75
1025,2074.81
1026,2064.17
1027,2096.29
1028,2103.04
1029,2097.56
1030,2101.44
1031,2083.75
1032,2126.45
1033,2175.78
1034,2174.4
1035,2185.32
1036,2175.96
1037,2165.83
1038,2199.23
1039,2190.15
1040,2201.09
1041,2201.37
1042,2151.96
1043,2144.27
1044,2160.7
1045,2151.67
1046,2127.46
1047,2118.33
1048,2113.01
1049,2111.49
1050,2113.87
1051,2114.42
1052,2056.7
1053,2050.07
1054,2037.75
1055,2036.76
1056,2057.67
1057,2048.34
1058,2021.28
1059,2043.26
1060,2019.54
1061,2033.78
1062,2053.64
1063,2046.11
1064,2052.54
1065,1993.07
1066,1995.27
1067,1971.1
1068,1974.33
1069,1976.69
1070,1980.74
1071,2010.56
1072,2002.66
1073,1963.05
1074,1974.95
1075,1984.45
1076,1980.67
1077,1947.88
1078,1951.03
1079,1945.72
1080,1970.1
1081,1952.08
1082,1927.05
1083,1912.38
1084,1904.8
1085,1923.82
1086,1923.56
1087,1950.87
1088,1997.3
1089,1994.58
1090,1993.72
1091,1960.77
1092,1989.43
1093,1986.03
1094,2033.85
1095,2029.62
1096,2017.17
1097,2006.14
1098,2014.73
1099,2010.69
1100,1968.08
1101,1998.41
1102,2005.75
1103,2012.03
1104,2002.83
1105,1988.3
1106,1983.67
1107,1961.3
1108,1964.83
1109,1909.81
1110,1914.15
1111,1918.79
1112,1900.22
1113,1908.21
1114,1909.95
1115,1894.32
1116,1893
1117,1895.43
1118,1850.14
1119,1794.43
1120,1801.82
1121,1814.67
1122,1840.29
1123,1838.16
1124,1872.39
1125,1862.89
1126,1858.3
1127,1824.86
1128,1806.28
1129,1790.14
1130,1821.19
1131,1806.79
1132,1878.48
1133,1876.33
1134,1836.88
1135,1835.07
1136,1841.54
1137,1840.37
1138,1820.68
1139,1786.46
1140,1779.52
1141,1813.86
1142,1799.78
1143,1800.93
1144,1783.18
1145,1787.12
1146,1779.68
1147,1784.93
1148,1749.7
1149,1757.64
1150,1808.37
1151,1750.61
1152,1740.32
1153,1689.93
1154,1710.99
1155,1695.84
1156,1689.54
1157,1684.5
1158,1669.35
1159,1675.42
1160,1737.36
1161,1746.94
1162,1745.21
1163,1757.06
1164,1709.28
1165,1708.95
1166,1674.03
1167,1676.1
1168,1729.03
1169,1751.68
1170,1765.63
1171,1774.51
1172,1807.06
1173,1792.05
1174,1795.39
1175,1825.45
1176,1819.04
1177,1831.75
1178,1809.8
1179,1808.61
1180,1821.76
1181,1781.91
1182,1779.51
1183,1816.06
1184,1808.18
1185,1755.42
1186,1748.45
1187,1720.76
1188,1721.39
1189,1722.23
1190,1701.06
1191,1704.69
1192,1691.67
1193,1693.67
1194,1716.09
1195,1662.75
1196,1713.05
1197,1704.46
1198,1694.5
1199,1689.01
1200,1702.45
1201,1701.68
1202,1692.06
1203,1678.7
1204,1645.81
1205,1637.01
1206,1599.01
1207,1629
1208,1625.26
1209,1624.44
1210,1604.25
1211,1608.24
1212,1617.94
1213,1601.47
1214,1590.99
1215,1594.84
1216,1596.59
1217,1617.61
1218,1595.12
1219,1596.59
1220,1608.36
1221,1659.05
1222,1704.74
1223,1694.26
1224,1701.45
1225,1685.91
1226,1661.99
1227,1736.61
1228,1714.7
1229,1750.52
1230,1775.09
1231,1742.82
1232,1744.71
1233,1713.68
1234,1761.94
1235,1772.19
1236,1764.82
1237,1732.02
1238,1782.06
1239,1778.1
1240,1778.32
1241,1768.54
1242,1758.98
1243,1773.17
1244,1761.88
1245,1765.65
1246,1769.41
1247,1779.94
1248,1795.26
1249,1799.64
1250,1826.72
1251,1828.41
1252,1839.06
1253,1822.77
1254,1818.28
1255,1843.85
1256,1827.94
1257,1794.26
1258,1776.36
1259,1798.1
1260,1811.49
1261,1796.94
1262,1813.2
1263,1776.41
1264,1760.48
1265,1780.08
1266,1778.98
1267,1755.72
1268,1758.62
1269,1760.33
1270,1747.92
1271,1749.89
1272,1749.19
1273,1708.85
1274,1688.09
1275,1705.63
1276,1735.28
1277,1737.51
1278,1721.43
1279,1736.24
1280,1734.59
1281,1770.95
1282,1777.07
1283,1770.68
1284,1749.4
1285,1789.63
1286,1791.38
1287,1815.88
1288,1799.91
1289,1808.86
1290,1819.22
1291,1822.21
1292,1822.54
1293,1862.75
1294,1864.3
1295,1876.66
1296,1866.62
1297,1862.4
1298,1830.13
1299,1829.61
1300,1815.73
1301,1800.5
1302,1801.06
1303,1774.24
1304,1801.11
1305,1775.57
1306,1784.94
1307,1810.41
1308,1801.47
1309,1789.43
1310,1776.38
1311,1800.91
1312,1824.43
1313,1818.38
1314,1804.59
1315,1808.53
1316,1760.95
1317,1763.7
1318,1768.58
1319,1757.77
1320,1738.59
1321,1756.03
1322,1745.45
1323,1771.42
1324,1756.3
1325,1769.49
1326,1776.24
1327,1764.88
1328,1763.63
1329,1735.34
1330,1704.57
1331,1700.5
1332,1695.03
1333,1681.38
1334,1708.86
1335,1706.17
1336,1710.41
1337,1712.94
1338,1695.36
1339,1711.58
1340,1668.02
1341,1664.42
1342,1672.25
1343,1680.05
1344,1685.02
1345,1657.62
1346,1669.71
1347,1665.86
1348,1674.27
1349,1658.3
1350,1629.07
1351,1632.95
1352,1627.96
1353,1624.46
1354,1630.31
1355,1625.64
1356,1631.88
1357,1645.62
1358,1634.55
1359,1641.6
1360,1658.37
1361,1657.91
1362,1662.77
1363,1671.95
1364,1665.17
1365,1632
1366,1633.14
1367,1610.41
1368,1605.28
1369,1606
1370,1596.2
1371,1598.5
1372,1591.33
1373,1596.57
1374,1588.11
1375,1557.17
1376,1570.44
1377,1554.4
1378,1560.29
1379,1551.2
1380,1560.08
1381,1548.04
1382,1537.53
1383,1550.97
1384,1619.21
1385,1620.03
1386,1605.07
1387,1607.99
1388,1597.16
1389,1614.7
1390,1582.1
1391,1564.98
1392,1569.07
1393,1540.96
1394,1545.96
1395,1553.97
1396,1553.7
1397,1541.14
1398,1587.96
1399,1613.09
1400,1596.14
1401,1627.66
1402,1625.33
1403,1615.75
1404,1618.66
1405,1612.95
1406,1614.14
1407,1617.66
1408,1639.67
1409,1637.77
1410,1643.34
1411,1625.81
1412,1623.64
1413,1612.95
1414,1584.7
1415,1571.52
1416,1576.32
1417,1587.05
1418,1617.73
1419,1626.61
1420,1624.71
1421,1619.74
1422,1617.83
1423,1591.61
1424,1591.85
1425,1600.88
1426,1575.26
1427,1581.95
1428,1563.7
1429,1551.56
1430,1550.89
1431,1540.49
1432,1562.97
1433,1554.75
1434,1568.75
1435,1563.2
1436,1552.92
1437,1542.07
1438,1532.92
1439,1547.76
1440,1532.18
1441,1545.95
1442,1601.74
1443,1600.42
1444,1634.92
1445,1653.28
1446,1645.01
1447,1657.13
1448,1635.63
1449,1728.06
1450,1738.85
1451,1744.85
1452,1744.02
1453,1751.94
1454,1737.99
1455,1746.44
1456,1798.88
1457,1800.56
1458,1786.78
1459,1817.85
1460,1857.68
1461,1870.5
1462,1880.26
1463,1857.69
1464,1855.34
1465,1855.49
1466,1818.98
1467,1893.1
1468,1900.05
1469,1877
1470,1854.94
1471,1886.79
1472,1898.44
1473,1898.5
1474,1910.14
1475,1900.18
1476,1886.45
1477,1957.39
1478,1982.62
1479,1989.32
1480,1993.25
1481,2055.72
1482,2065.39
1483,2068.95
1484,2078.49
1485,2048.58
1486,2042.42
1487,2042.42
1488,2014.58
1489,1981.07
1490,1978.3
1491,1897.9
1492,1883.48
1493,1890.76
1494,1865.13
1495,1889.48
1496,1956.61
1497,1944.42
1498,1841.62
1499,1916.71
1500,1933.7
1501,1902.37
1502,1901.48
1503,1879.82
1504,1854.62
1505,1835.61
1506,1838.36
1507,1841.32
1508,1811.24
1509,1830.96
1510,1905.76
1511,1902.29
1512,1904.46
1513,1901.93
1514,1861.26
1515,1868.44
1516,1791.64
1517,1793.19
1518,1784.07
1519,1783.22
1520,1789.67
1521,1773.1
1522,1788.63
1523,1787.93
1524,1784.13
1525,1774.5
1526,1759.8
1527,1772.64
1528,1761.62
1529,1768.15
1530,1827.98
1531,1823.95
1532,1760.68
1533,1793.88
1534,1778.29
1535,1766.04
1536,1763.05
1537,1795.49
1538,1816.6
1539,1817.92
1540,1824.38
1541,1807.86
1542,1819.12
1543,1810.72
1544,1785.57
1545,1789.43
1546,1821.45
1547,1843.81
1548,1861.25
1549,1851.08
1550,1858.2
1551,1823.74
1552,1829.14
1553,1827.26
1554,1870.09
1555,1861.7
1556,1855.46
1557,1841.37
1558,1838.64
1559,1819.5
1560,1806.82
1561,1784.7
1562,1760.22
1563,1700.8
1564,1704.15
1565,1692.48
1566,1704.22
1567,1687.61
1568,1631.55
1569,1633.16
1570,1525.17
1571,1526.8
1572,1509.68
1573,1512.2
1574,1552.38
1575,1549.37
1576,1541.34
1577,1522.91
1578,1535.32
1579,1542.05
1580,1506.73
1581,1505.3
1582,1546.74
1583,1635.66
1584,1587.59
1585,1604.66
1586,1606.34
1587,1582.14
1588,1549.35
1589,1511.4
1590,1514.05
1591,1555.84
1592,1532.35
1593,1529.3
1594,1521.61
1595,1484.21
1596,1500.94
1597,1504.17
1598,1537.81
1599,1536.5
1600,1554.19
1601,1556.3
1602,1551.15
1603,1544.62
1604,1553.04
1605,1610.26
1606,1619.74
1607,1610.22
1608,1595.15
1609,1592.79
1610,1608.87
1611,1594.54
1612,1588.08
1613,1582.62
1614,1566.29
1615,1601.38
1616,1602
1617,1592.87
1618,1588.15
1619,1589.78
1620,1591.93
1621,1614.54
1622,1613.54
1623,1609.6
1624,1625.85
1625,1713.38
1626,1737.58
1627,1741.32
1628,1772.66
1629,1749.24
1630,1738.25
1631,1698.63
1632,1700.59
1633,1713.08
1634,1673.56
1635,1661.61
1636,1632.69
1637,1639.15
1638,1643.06
1639,1659.71
1640,1668.48
1641,1637.93
1642,1669.27
1643,1662.17
1644,1656.26
1645,1634.22
1646,1627.18
1647,1636.8
1648,1657.58
1649,1640.07
1650,1638.5
1651,1621.6
1652,1611.52
1653,1610.69
1654,1633.72
1655,1653.42
1656,1631.05
1657,1644.75
1658,1638.51
1659,1633.66
1660,1614.21
1661,1610.58
1662,1587.44
1663,1591.14
1664,1610.78
1665,1569.24
1666,1572.73
1667,1604.82
1668,1675.16
1669,1659.53
1670,1663.76
1671,1648.09
1672,1642.5
1673,1633.78
1674,1630.94
1675,1648.79
1676,1664.62
1677,1661.41
1678,1678.87
1679,1681.51
1680,1699.18
1681,1692.38
1682,1675.25
1683,1669.87
1684,1670.55
1685,1639.18
1686,1631.91
1687,1626.41
1688,1602.46
1689,1597.27
1690,1598.68
1691,1580.11
1692,1537.41
1693,1541.27
1694,1539.6
1695,1547.36
1696,1524.88
1697,1550.22
1698,1547.92
1699,1574.78
1700,1561.1
1701,1536.07
1702,1512.93
1703,1510.65
1704,1515.33
1705,1503.88
1706,1498.27
1707,1494.61
1708,1499.29
1709,1488.51
1710,1493.09
1711,1475.67
1712,1464.84
1713,1478.88
1714,1514.12
1715,1499.03
1716,1502.06
1717,1478.87
1718,1487.8
1719,1494.49
1720,1477.35
1721,1475.34
1722,1505.83
1723,1528.32
1724,1527
1725,1528.02
1726,1534.24
1727,1538.1
1728,1508.54
1729,1533.4
1730,1520.14
1731,1505.33
1732,1468.06
1733,1440.89
1734,1444.2
1735,1452.46
1736,1464.32
1737,1462.69
1738,1455.65
1739,1448.33
1740,1459.51
1741,1455.58
1742,1408.87
1743,1412.73
1744,1418.7
1745,1437.39
1746,1426.39
1747,1434.16
1748,1427.63
1749,1418.71
1750,1406.91
1751,1464.08
1752,1477.53
1753,1470.12
1754,1467.08
1755,1464.53
1756,1472.05
1757,1465.78
1758,1473.14
1759,1491.3
1760,1477.49
1761,1490.33
1762,1534.75
1763,1530.88
1764,1570.4
1765,1565.31
1766,1557.7
1767,1523.22
1768,1527.05
1769,1520.56
1770,1521.28
1771,1493.76
1772,1509.55
1773,1507.04
1774,1510.28
1775,1501.05
1776,1483.78
1777,1496.01
1778,1494.81
1779,1487.53
1780,1485.25
1781,1476.18
1782,1478.72
1783,1480.74
1784,1508.39
1785,1503.52
1786,1500.83
1787,1488.77
1788,1487.74
1789,1459.21
1790,1460.82
1791,1474.14
1792,1471.55
1793,1484.37
1794,1486.05
1795,1479.73
1796,1491.76
1797,1484.31
1798,1482.1
1799,1477.52
1800,1466.39
1801,1484.24
1802,1472.27
1803,1475.35
1804,1493.53
1805,1488.76
1806,1483.86
1807,1502.96
1808,1518.71
1809,1501.94
1810,1495.43
1811,1478.04
1812,1484.48
1813,1475.76
1814,1480.13
1815,1469.95
1816,1478.01
1817,1473.76
1818,1482.4
1819,1481.66
1820,1484.84
1821,1489.55
1822,1492.46
1823,1492.84
1824,1491.96
1825,1475.14
1826,1471.17
1827,1468.54
1828,1482.78
1829,1484.66
1830,1483.18
1831,1473.67
1832,1478.76
1833,1479.84
1834,1495.93
1835,1506.75
1836,1541.9
1837,1557.01
1838,1609.48
1839,1611.85
1840,1601.38
1841,1621.85
1842,1607.97
1843,1644.63
1844,1632.41
1845,1619.01
1846,1593.42
1847,1595.66
1848,1619.25
1849,1607.91
1850,1610.14
1851,1596.84
1852,1612
1853,1613.13
1854,1609.09
1855,1600.34
1856,1587.03
1857,1594.18
1858,1577.42
1859,1573.39
1860,1572.79
1861,1563.89
1862,1581.28
1863,1586.02
1864,1607.5
1865,1624.03
1866,1637.29
1867,1656.24
1868,1645.11
1869,1629.99
1870,1622.82
1871,1630.2
1872,1624.19
1873,1601.01
1874,1605.55
1875,1609.87
1876,1619.58
1877,1583.89
1878,1595.64
1879,1625.73
1880,1618.52
1881,1616.09
1882,1621.82
1883,1619.7
1884,1633.57
1885,1634.04
1886,1621.71
1887,1605.99
1888,1600.3
1889,1612.77
1890,1608.73
1891,1608.52
1892,1612.4
1893,1600.84
1894,1597.13
1895,1586.56
1896,1583.42
1897,1559.91
1898,1585.74
1899,1608.4
1900,1619.1
1901,1657.29
1902,1651.05
1903,1645.62
1904,1637.63
1905,1635.96
1906,1640.32
1907,1689.02
1908,1710.88
1909,1731.02
1910,1726.34
1911,1728.81
1912,1708.1
1913,1679.42
1914,1671.65
1915,1676.6
1916,1714.71
1917,1758.1
1918,1777.67
1919,1820.49
1920,1853
1921,1914.44
1922,1920.38
1923,2021.54
1924,2037.59
1925,2160.66
1926,2200.25
1927,2298.85
1928,2182.69
1929,2254.82
1930,2193.54
1931,2193.29
1932,2201.54
1933,2299.28
1934,2383.95
1935,2364.04
1936,2390.28
1937,2426.68
1938,2374.95
1939,2270.88
1940,2359.66
1941,2464.82
1942,2481.66
1943,2523.63
1944,2581.57
1945,2649.64
1946,2629.4
1947,2635.23
1948,2558.11
1949,2569.02
1950,2543.85
1951,2527.83
1952,2534.23
1953,2632.89
1954,2653.03
1955,2410.2
1956,2403.72
1957,2542.32
1958,2544.31
1959,2564.51
1960,2562.36
1961,2522.1
1962,2486.28
1963,2442.04
1964,2405.38
1965,2332.53
1966,2405.76
1967,2372.46
1968,2348.92
1969,2325.24
1970,2366.77
1971,2403.55
1972,2415.13
1973,2416.45
1974,2427.47
1975,2431.21
1976,2445.26
1977,2407.46
1978,2478.06
1979,2474.59
1980,2479.24
1981,2396.8
1982,2397.99
1983,2366.9
1984,2371.62
1985,2429.87
1986,2395.43
1987,2408.5
1988,2485.11
1989,2495.28
1990,2550.86
1991,2583.2
1992,2649.64
1993,2630.24
1994,2680.68
1995,2720.67
1996,2683.65
1997,2649.16
1998,2687.76
1999,2689.24
2000,2784.46
2001,2754.66
2002,2799.45
2003,2781.64
2004,2817.18
2005,2889.45
2006,2952.08
2007,2931.77
2008,2986.61
2009,3041.12
2010,3052.41
2011,3053.3
2012,3183.3
2013,3235.33
2014,3164.46
2015,3214.36
2016,3299.22
2017,3273.4
2018,3223.96
2019,3308.45
2020,3282.33
2021,3283.28
2022,3250.49
2023,3272
2024,3148.81
2025,3139.02
2026,3094.88
2027,3110.45
2028,3169.13
2029,3188.31
2030,3141.3
2031,3128.57
2032,3060.41
2033,2998.39
2034,3116.09
2035,3122.85
2036,3150.9
2037,3248.86
2038,3349.95
2039,3386.59
2040,3344.74
2041,3124.62
2042,3111.33
2043,3244.32
2044,3258.31
2045,3238.43
2046,3299.03
2047,3303.99
2048,3458.71
2049,3414
2050,3370.38
2051,3347.12
2052,3350.25
2053,3262.48
2054,3179.65
2055,3211.71
2056,3068.49
2057,2903.06
2058,3003.16
2059,3045.24
2060,2943.99
2061,2736.7
2062,2678.37
2063,2870.03
2064,2736.85
2065,2714.25
2066,2582.27
2067,2750
2068,2812.45
2069,2608.98
2070,2781.08
2071,2898.41
2072,2869.05
2073,2763.07
2074,2757.95
2075,2742.85
2076,2807.06
2077,2783.76
2078,2772.77
2079,2739.79
2080,2790.76
2081,2741.04
2082,2493.29
2083,2485.67
2084,2531.44
2085,2467.37
2086,2461.24
2087,2479.72
2088,2534.71
2089,2487.06
2090,2467.52
2091,2503.8
2092,2617.66
2093,2590.71
2094,2561.13
2095,2580.78
2096,2577.04
2097,2550.47
2098,2407.97
2099,2430.28
2100,2356.92
2101,2271.36
2102,2058.25
2103,1914.05
2104,1942.45
2105,2094.72
2106,2159.96
2107,2210.45
2108,2230.32
2109,2243.63
2110,2133.98
2111,2180.13
2112,2211.2
2113,2208.48
2114,2195.39
2115,2228.15
2116,2175.17
2117,2241.95
2118,2194.82
2119,2198.99
2120,2214.45
2121,2237.31
2122,2178.55
2123,2188.09
2124,2183.4
2125,2169.94
2126,2127.2
2127,2146.12
2128,2191.34
2129,2219.29
2130,2283.43
2131,2270.95
2132,2253.91
2133,2297.9
2134,2323.78
2135,2318.47
2136,2337.08
2137,2340.36
2138,2331.79
2139,2343.96
2140,2350.02
2141,2349.9
2142,2310.7
2143,2307.34
2144,2312.97
2145,2280.09
2146,2271.65
2147,2370.5
2148,2440.65
2149,2493.48
2150,2534.08
2151,2522.68
2152,2505.83
2153,2476.43
2154,2447.77
2155,2447.29
2156,2453.26
2157,2439.45
2158,2468.49
2159,2466.76
2160,2456.84
2161,2447.9
2162,2459.56
2163,2450.96
2164,2334.44
2165,2336.29
2166,2344.83
2167,2458.41
2168,2461.45
2169,2397.56
2170,2395.58
2171,2364.34
2172,2369.74
2173,2357.21
2174,2342.45
2175,2414.92
2176,2383.83
2177,2376.54
2178,2408.32
2179,2422.83
2180,2500.06
2181,2496.05
2182,2503.06
2183,2481.75
2184,2492.34
2185,2411.41
2186,2432.88
2187,2432.77
2188,2420.8
2189,2270.46
2190,2288.11
2191,2317.65
2192,2180.59
2193,2219.61
2194,2120.23
2195,2131.37
2196,2105.51
2197,2132.08
2198,2070.93
2199,2069.27
2200,2128.57
2201,2088.72
2202,2040.98
2203,2061.96
2204,2065.44
2205,1951.61
2206,1953.46
2207,1912.72
2208,1973.01
2209,1937.07
2210,1969.62
2211,1952.37
2212,1974.24
2213,1967.26
2214,1948.28
2215,2000.9
2216,2014.44
2217,2009.27
2218,2004.11
2219,2053.86
2220,2029.52
2221,2041.39
2222,1932.6
2223,1955.4
2224,1944.61
2225,1973.19
2226,2043.41
2227,2053.27
2228,2122.27
2229,2107.67
2230,2115.16
2231,2111.92
2232,2061.45
2233,2070.72
2234,2078.41
2235,2101.12
2236,2136.13
2237,2131.48
2238,2141.18
2239,2193.39
2240,2173.26
2241,2175.28
2242,2137.59
2243,2149.2
2244,2123.03
2245,2106.86
2246,2157.53
2247,2156.54
2248,2167.78
2249,2180.26
2250,2168.04
2251,2139.4
2252,2123.8
2253,2148.44
2254,2143.9
2255,2171.32
2256,2178.87
2257,2182.07
2258,2158.23
2259,2163.61
2260,2154.89
2261,2147.72
2262,2157.72
2263,2148.28
2264,2155.79
2265,2145.38
2266,2142.06
2267,2135.51
2268,2158.27
2269,2152.93
2270,2152.88
2271,2107.01
2272,2072.47
2273,2072.38
2274,2078.41
2275,2084.84
2276,2076.19
2277,2082.62
2278,2075.47
2279,2078.76
2280,2073.8
2281,2083.12
2282,2082.41
2283,2066.64
2284,2071.91
2285,2076.14
2286,2074.92
2287,2092.16
2288,2155.66
2289,2138.96
2290,2137.65
2291,2152.64
2292,2136.32
2293,2139.07
2294,2132.96
2295,2084.3
2296,2095.02
2297,2106.63
2298,2094.81
2299,2102.2
2300,2104.22
2301,2104.56
2302,2115.77
2303,2105.53
2304,2076.3
2305,2095.89
2306,2102.05
2307,2122.97
2308,2122.63
2309,2127.09
2310,2163.29
2311,2168.86
2312,2167.1
2313,2166.88
2314,2148.76
2315,2155.72
2316,2200.35
2317,2197.79
2318,2195.23
2319,2192.39
2320,2187.98
2321,2175.4
2322,2167.12
2323,2177.78
2324,2157.23
2325,2159.55
2326,2182.51
2327,2173.97
2328,2163.81
2329,2155.24
2330,2147.56
2331,2148.45
2332,2145.79
2333,2143.84
2334,2148.68
2335,2159.67
2336,2175.34
2337,2170.1
2338,2177.06
2339,2222.49
2340,2287.66
2341,2257.7
2342,2253.74
2343,2244.72
2344,2249.34
2345,2237.13
2346,2241.95
2347,2232.21
2348,2222.15
2349,2219.31
2350,2214.26
2351,2224.06
2352,2232.71
2353,2220.4
2354,2229.89
2355,2228.72
2356,2232.45
2357,2236.55
2358,2236.63
2359,2229.31
2360,2199.98
2361,2193.19
2362,2176.52
2363,2189.46
2364,2184.21
2365,2187.15
2366,2200.7
2367,2196.29
2368,2167.26
2369,2176.45
2370,2166.72
2371,2175.37
2372,2177.35
2373,2202.87
2374,2209.23
2375,2201
2376,2202.12
2377,2209.81
2378,2192.88
2379,2222.78
2380,2221.53
2381,2223.42
2382,2240.75
2383,2270.95
2384,2266.17
2385,2257.12
2386,2250.26
2387,2253.8
2388,2250.47
2389,2263.48
2390,2244.74
2391,2273.63
2392,2271.93
2393,2276.95
2394,2282.42
2395,2263.92
2396,2289.45
2397,2308.43
2398,2317.77
2399,2310.9
2400,2309.94
2401,2316.72
2402,2307.27
2403,2334.68
2404,2353
2405,2360.34
2406,2368.73
2407,2393.95
2408,2403.14
2409,2441.58
2410,2419.41
2411,2431.31
2412,2416.51
2413,2375.26
2414,2368.68
2415,2376.92
2416,2379
2417,2411.31
2418,2387.16
2419,2372.93
2420,2360.38
2421,2309.82
2422,2302.32
2423,2291.38
2424,2279.68
2425,2297.37
2426,2292.04
2427,2278.48
2428,2294.71
2429,2286.96
2430,2277.18
2431,2275.11
2432,2286.9
2433,2307.89
2434,2322.21
2435,2322.68
2436,2308.94
2437,2318.34
2438,2312.6
2439,2300.47
2440,2295.4
2441,2308.06
2442,2337.39
2443,2329.59
2444,2342.78
2445,2334.96
2446,2347.18
2447,2347.1
2448,2352.42
2449,2358.7
2450,2364.02
2451,2339.99
2452,2343.97
2453,2337.53
2454,2346.43
2455,2354.9
2456,2368.18
2457,2379.31
2458,2373.51
2459,2372.19
2460,2376.76
2461,2362.71
2462,2394.12
2463,2396.88
2464,2398.19
2465,2387.42
2466,2389.88
2467,2370.56
2468,2370.71
2469,2371.93
2470,2354.91
2471,2347.15
2472,2349.89
2473,2356.29
2474,2358.07
2475,2346.55
2476,2339.23
2477,2354.89
2478,2354.9
2479,2357.31
2480,2369.19
2481,2346.96
2482,2350.07
2483,2357.14
2484,2338.55
2485,2347.43
2486,2365.6
2487,2364.43
2488,2356.31
2489,2352.69
2490,2346.67
2491,2359.75
2492,2384.26
2493,2390.39
2494,2388.27
2495,2379.16
2496,2382.11
2497,2378.86
2498,2368.11
2499,2355.52
2500,2357.52
2501,2337.35
2502,2325.04
2503,2335.65
2504,2347.67
2505,2341.93
2506,2344.74
2507,2344.5
2508,2351.64
2509,2347.04
2510,2336.79
2511,2329.77
2512,2325.43
2513,2320.6
2514,2326.1
2515,2316.29
2516,2324.92
2517,2339.29
2518,2375.45
2519,2381.75
2520,2381.32
2521,2363.56
2522,2354.75
2523,2361.66
2524,2381.55
2525,2411.8
2526,2407.57
2527,2473.5
2528,2471.21
2529,2479.08
2530,2496.45
2531,2475.46
2532,2450.35
2533,2466.01
2534,2484.03
2535,2507.03
2536,2519.27
2537,2521.17
2538,2515.14
2539,2477.32
2540,2461.97
2541,2452.79
2542,2484.12
2543,2474.43
2544,2497.25
2545,2516.67
2546,2529.1
2547,2543.32
2548,2554.7
2549,2537.64
2550,2552.98
2551,2549.97
2552,2534.37
2553,2511.15
2554,2548.1
2555,2553.88
2556,2543.66
2557,2550.11
2558,2570.59
2559,2565.14
2560,2600.95
2561,2622.98
2562,2631.41
2563,2624.31
2564,2657.89
2565,2665.45
2566,2639.21
2567,2654.38
2568,2643.07
2569,2636.2
2570,2636.63
2571,2636.39
2572,2638.12
2573,2681.81
2574,2680.63
2575,2646.22
2576,2627.8
2577,2634.18
2578,2635.18
2579,2620.38
2580,2611.34
2581,2570.26
2582,2591.45
2583,2605.24
2584,2595
2585,2604.08
2586,2613.26
2587,2616.82
2588,2643.5
2589,2659.78
2590,2646.4
2591,2706.24
2592,2736.46
2593,2739.13
2594,2728.23
2595,2714.63
2596,2710.12
2597,2711.35
2598,2729.85
2599,2714.33
2600,2691.83
2601,2686.69
2602,2674.75
2603,2692.54
2604,2687.67
2605,2672.84
2606,2668.38
2607,2674.18
2608,2670.69
2609,2662.63
2610,2675.55
2611,2679.05
2612,2680.65
2613,2678.99
2614,2661.55
2615,2661.28
2616,2672.33
2617,2692.08
2618,2695.54
2619,2707.52
2620,2718.35
2621,2713.38
2622,2726.64
2623,2723.53
2624,2753.01
2625,2756.04
2626,2737.64
2627,2734.37
2628,2753.65
2629,2752.14
2630,2771.04
2631,2814.27
2632,2809.11
2633,2793.71
2634,2789.4
2635,2794.1
2636,2800.47
2637,2792.22
2638,2821.96
2639,2819.96
2640,2832.96
2641,2862.34
2642,2873.51
2643,2861.42
2644,2850.05
2645,2879.4
2646,2938.8
2647,2941.15
2648,2987.17
2649,3012.36
2650,2940.73
2651,2936.83
2652,2917.31
2653,2897.11
2654,2893.28
2655,2863.45
2656,2842.18
2657,2861.36
2658,2910.48
2659,2875.73
2660,2848.89
2661,2865.34
2662,2899.1
2663,2850.2
2664,2872.94
2665,2850.05
2666,2820.17
2667,2829.06
2668,2873.03
2669,2879.64
2670,2895.37
2671,2880.77
2672,2880.1
2673,2894.34
2674,2839.63
2675,2859.05
2676,2860.44
2677,2908.73
2678,2913.26
2679,2919.48
2680,2932.36
2681,2947.76
2682,2969.32
2683,2995.56
2684,2997.04
2685,3018.6
2686,3048.81
2687,3063.86
2688,3076.18
2689,3106.55
2690,3117.82
2691,3130.33
2692,3176.5
2693,3180.33
2694,3157.46
2695,3172.78
2696,3120.7
2697,3079.12
2698,3116.83
2699,3141.23
2700,3149.64
2701,3181.34
2702,3117.49
2703,3029.6
2704,2945.84
2705,2810.03
2706,2805.21
2707,2852.72
2708,2871.79
2709,2931.88
2710,2957.17
2711,2973.79
2712,2927.1
2713,2878.67
2714,2891.3
2715,2864.18
2716,2863.99
2717,2892.48
2718,2878.15
2719,2898.25
2720,2908.2
2721,2909.58
2722,2883.38
2723,2871.33
2724,2894.98
2725,2870.73
2726,2897.26
2727,2904.4
2728,2894.18
2729,2866.67
2730,2791.47
2731,2738.87
2732,2747.59
2733,2694.83
2734,2738.79
2735,2722.15
2736,2711.37
2737,2697.27
2738,2702.37
2739,2715.73
2740,2780.8
2741,2785.34
2742,2749.7
2743,2726.4
2744,2664.7
2745,2635.7
2746,2653.77
2747,2682.55
2748,2647.38
2749,2664.92
2750,2722.85
2751,2702.98
2752,2666.02
2753,2653.54
2754,2652.73
2755,2663.98
2756,2646.35
2757,2683.85
2758,2722.88
2759,2717.24
2760,2729.4
2761,2724.72
2762,2753.54
2763,2750.83
2764,2716.78
2765,2700.88
2766,2740.53
2767,2745.8
2768,2728
2769,2683.69
2770,2665.68
2771,2661.29
2772,2673.2
2773,2663.4
2774,2605.9
2775,2658.29
2776,2647.19
2777,2694.58
2778,2707.02
2779,2692.18
2780,2695.24
2781,2652.08
2782,2660.41
2783,2687.7
2784,2671.63
2785,2671.3
2786,2667.98
2787,2599.78
2788,2598.33
2789,2579.05
2790,2583.71
2791,2536.46
2792,2506.72
2793,2452.64
2794,2425.18
2795,2479.91
2796,2386.38
2797,2388.98
2798,2368.43
2799,2374.36
2800,2402.62
2801,2471.29
2802,2471.23
2803,2432.28
2804,2474.62
2805,2476.86
2806,2448.76
2807,2430.44
2808,2420.76
2809,2426.16
2810,2493.76
2811,2526.81
2812,2563.58
2813,2563.69
2814,2530.99
2815,2525.09
2816,2541.31
2817,2545.12
2818,2490.25
2819,2440.31
2820,2413.5
2821,2406.54
2822,2479.78
2823,2447
2824,2504.62
2825,2503.21
2826,2478.51
2827,2469.2
2828,2408.72
2829,2405.16
2830,2374.17
2831,2409.13
2832,2452.38
2833,2450.15
2834,2461.07
2835,2472
2836,2522.34
2837,2511.15
2838,2503.48
2839,2479.21
2840,2474.48
2841,2465.88
2842,2500.44
2843,2441.23
2844,2416.03
2845,2437.68
2846,2413.43
2847,2398.77
2848,2381.39
2849,2415.31
2850,2425.42
2851,2399.88
2852,2458.77
2853,2487.08
2854,2487.42
2855,2573.6
2856,2547.79
2857,2582.77
2858,2575.45
2859,2606.67
2860,2486.82
2861,2491.66
2862,2494.06
2863,2390.5
2864,2444.13
2865,2412.48
2866,2415.49
2867,2429.21
2868,2369.07
2869,2446.32
2870,2540.15
2871,2464.81
2872,2477.49
2873,2485.1
2874,2468.91
2875,2389.58
2876,2415.65
2877,2451.12
2878,2460.16
2879,2542.77
2880,2511.59
2881,2499.68
2882,2482.33
2883,2486
2884,2434.21
2885,2444.97
2886,2462.97
2887,2429.99
2888,2459.14
2889,2461.44
2890,2492.08
2891,2446.79
2892,2451.27
2893,2437.64
2894,2399.2
2895,2401.9
2896,2394.29
2897,2421.13
2898,2401.85
2899,2428.04
2900,2488.06
2901,2496.14
2902,2481.79
2903,2434.49
2904,2430.72
2905,2408.61
2906,2415.58
2907,2423.32
2908,2457.9
2909,2423.38
2910,2425.94
2911,2397.87
2912,2369.55
2913,2334.92
2914,2306.15
2915,2309.23
2916,2297.33
2917,2281.56
2918,2276.06
2919,2293.1
2920,2262.79
2921,2269.24
2922,2314.65
2923,2314.32
2924,2305.17
2925,2332.72
2926,2331.85
2927,2354.5
2928,2331.14
2929,2378.37
2930,2381.22
2931,2371.35
2932,2417.36
2933,2432.49
2934,2401.23
2935,2397.05
2936,2411.56
2937,2441.64
2938,2437.03
2939,2455.9
2940,2440.01
2941,2483.47
2942,2499.64
2943,2527.47
2944,2533.18
2945,2580.61
2946,2576.31
2947,2517.46
2948,2582.85
2949,2579.05
2950,2588.17
2951,2577.23
2952,2623.07
2953,2787.7
2954,2733.9
2955,2750.34
2956,2743.97
2957,2819.47
2958,2832.59
2959,2828.87
2960,2840.27
2961,2789.7
2962,2685.59
2963,2708.6
2964,2719.77
2965,2723.96
2966,2729.13
2967,2755.81
2968,2825.18
2969,2806.9
2970,2812.92
2971,2802.96
2972,2795.39
2973,2718.18
2974,2706.15
2975,2741.59
2976,2733.97
2977,2838.51
2978,2892.62
2979,2888.53
2980,2920
2981,2951.98
2982,2962.27
2983,2967.51
2984,2979.1
2985,2928.43
2986,2920.52
2987,2924.93
2988,3023.03
2989,3017.42
2990,3004.92
2991,3042.43
2992,2970.49
2993,2978.85
2994,2974.85
2995,2927.99
2996,2892.86
2997,2939.41
2998,2945.24
2999,2805.04
3000,2806.26
3001,2758.24
3002,2698.78
3003,2793.76
3004,2741.11
3005,2724.73
3006,2783.54
3007,2791.41
3008,2735.21
3009,2715.43
3010,2739.79
3011,2725.73
3012,2685.93
3013,2702.03
3014,2722.33
3015,2748.8
3016,2755.81
3017,2742.96
3018,2728.95
3019,2743.06
3020,2721.31
3021,2719.59
3022,2706.76
3023,2743.37
3024,2812.9
3025,2796.73
3026,2794.54
3027,2785.61
3028,2842.74
